Time,Source MAC,Destination MAC,Source IP,Destination IP,Protocol,Source Port,Destination Port,Flags
2023-08-23 14:41:59,e8:5a:8b:65:48:c7,01:00:5e:00:00:fb,192.168.0.142,224.0.0.251,UDP,5353,5353,
2023-08-23 14:41:59,e8:5a:8b:65:48:c7,01:00:5e:00:00:fb,192.168.0.142,224.0.0.251,UDP,5353,5353,
2023-08-23 14:41:59,e8:5a:8b:65:48:c7,01:00:5e:00:00:fb,192.168.0.142,224.0.0.251,UDP,5353,5353,
2023-08-23 14:42:00,b0:a4:60:64:d1:88,01:00:5e:00:00:fb,192.168.0.251,224.0.0.251,UDP,5353,5353,
2023-08-23 14:42:00,b0:a4:60:64:d1:88,01:00:5e:00:00:fb,192.168.0.251,224.0.0.251,UDP,5353,5353,
2023-08-23 14:42:00,b0:a4:60:64:d1:88,01:00:5e:00:00:fb,192.168.0.251,224.0.0.251,UDP,5353,5353,
2023-08-23 14:42:00,b0:a4:60:64:d1:88,01:00:5e:00:00:fb,192.168.0.251,224.0.0.251,UDP,5353,5353,
2023-08-23 14:42:00,00:18:ae:ec:8b:aa,01:00:5e:7f:ff:fa,192.168.0.10,239.255.255.250,UDP,34455,3702,
2023-08-23 14:42:00,e8:5a:8b:65:48:c7,01:00:5e:00:00:fb,192.168.0.142,224.0.0.251,UDP,5353,5353,
2023-08-23 14:42:00,b0:a4:60:64:d1:88,01:00:5e:7f:ff:fa,192.168.0.251,239.255.255.250,UDP,52938,1900,
2023-08-23 14:42:01,34:02:86:5a:90:bf,01:00:5e:7f:ff:fa,192.168.0.40,239.255.255.250,UDP,61437,1900,
2023-08-23 14:42:01,34:02:86:5a:90:bf,01:00:5e:7f:ff:fa,192.168.0.40,239.255.255.250,UDP,61438,1900,
2023-08-23 14:42:01,16:83:d5:17:c8:d3,01:00:5e:00:00:fb,192.168.0.105,224.0.0.251,UDP,5353,5353,
2023-08-23 14:42:01,b0:a4:60:64:d1:88,01:00:5e:00:00:fb,192.168.0.251,224.0.0.251,UDP,5353,5353,
2023-08-23 14:42:01,00:18:ae:ec:8b:aa,01:00:5e:7f:ff:fa,192.168.0.10,239.255.255.250,UDP,41372,1900,
2023-08-23 14:42:01,00:18:ae:ec:8b:aa,01:00:5e:7f:ff:fa,192.168.0.10,239.255.255.250,UDP,41372,1900,
2023-08-23 14:42:01,00:18:ae:ec:8b:aa,01:00:5e:7f:ff:fa,192.168.0.10,239.255.255.250,UDP,41372,1900,
2023-08-23 14:42:01,00:18:ae:ec:8b:aa,01:00:5e:7f:ff:fa,192.168.0.10,239.255.255.250,UDP,56957,1900,
2023-08-23 14:42:01,00:18:ae:ec:8b:aa,01:00:5e:7f:ff:fa,192.168.0.10,239.255.255.250,UDP,44859,1900,
2023-08-23 14:42:01,00:18:ae:ec:8b:aa,01:00:5e:7f:ff:fa,192.168.0.10,239.255.255.250,UDP,44859,1900,
2023-08-23 14:42:02,00:18:ae:ec:8b:aa,01:00:5e:7f:ff:fa,192.168.0.10,239.255.255.250,UDP,44859,1900,
2023-08-23 14:42:02,34:02:86:5a:90:bf,01:00:5e:7f:ff:fa,192.168.0.40,239.255.255.250,UDP,61437,1900,
2023-08-23 14:42:02,34:02:86:5a:90:bf,01:00:5e:7f:ff:fa,192.168.0.40,239.255.255.250,UDP,61438,1900,
2023-08-23 14:42:02,e8:5a:8b:65:48:c7,01:00:5e:00:00:fb,192.168.0.142,224.0.0.251,UDP,5353,5353,
2023-08-23 14:42:02,00:18:ae:ec:8b:aa,01:00:5e:7f:ff:fa,192.168.0.10,239.255.255.250,UDP,37020,37020,
2023-08-23 14:42:02,16:83:d5:17:c8:d3,01:00:5e:00:00:fb,192.168.0.105,224.0.0.251,UDP,5353,5353,
2023-08-23 14:42:03,34:02:86:5a:90:bf,01:00:5e:7f:ff:fa,192.168.0.40,239.255.255.250,UDP,61437,1900,
2023-08-23 14:42:03,34:02:86:5a:90:bf,01:00:5e:7f:ff:fa,192.168.0.40,239.255.255.250,UDP,61438,1900,
2023-08-23 14:42:04,34:02:86:5a:90:bf,01:00:5e:7f:ff:fa,192.168.0.40,239.255.255.250,UDP,61437,1900,
2023-08-23 14:42:04,94:65:9c:e5:7e:eb,dc:0e:96:bd:7d:10,192.168.0.23,8.8.8.8,UDP,64750,53,
2023-08-23 14:42:04,dc:0e:96:bd:7d:10,94:65:9c:e5:7e:eb,8.8.8.8,192.168.0.23,UDP,53,64750,
2023-08-23 14:42:04,94:65:9c:e5:7e:eb,dc:0e:96:bd:7d:10,192.168.0.23,204.79.197.203,TCP,65288,443,S
2023-08-23 14:42:04,dc:0e:96:bd:7d:10,94:65:9c:e5:7e:eb,204.79.197.203,192.168.0.23,TCP,443,65288,SA
2023-08-23 14:42:04,94:65:9c:e5:7e:eb,dc:0e:96:bd:7d:10,192.168.0.23,204.79.197.203,TCP,65288,443,A
2023-08-23 14:42:04,94:65:9c:e5:7e:eb,dc:0e:96:bd:7d:10,192.168.0.23,204.79.197.203,TCP,65288,443,PA
2023-08-23 14:42:04,dc:0e:96:bd:7d:10,94:65:9c:e5:7e:eb,204.79.197.203,192.168.0.23,TCP,443,65288,PA
2023-08-23 14:42:04,dc:0e:96:bd:7d:10,94:65:9c:e5:7e:eb,204.79.197.203,192.168.0.23,TCP,443,65288,A
2023-08-23 14:42:04,dc:0e:96:bd:7d:10,94:65:9c:e5:7e:eb,204.79.197.203,192.168.0.23,TCP,443,65288,A
2023-08-23 14:42:04,dc:0e:96:bd:7d:10,94:65:9c:e5:7e:eb,204.79.197.203,192.168.0.23,TCP,443,65288,A
2023-08-23 14:42:04,dc:0e:96:bd:7d:10,94:65:9c:e5:7e:eb,204.79.197.203,192.168.0.23,TCP,443,65288,A
2023-08-23 14:42:04,dc:0e:96:bd:7d:10,94:65:9c:e5:7e:eb,204.79.197.203,192.168.0.23,TCP,443,65288,A
2023-08-23 14:42:04,94:65:9c:e5:7e:eb,dc:0e:96:bd:7d:10,192.168.0.23,204.79.197.203,TCP,65288,443,A
2023-08-23 14:42:04,dc:0e:96:bd:7d:10,94:65:9c:e5:7e:eb,204.79.197.203,192.168.0.23,TCP,443,65288,PA
2023-08-23 14:42:04,94:65:9c:e5:7e:eb,dc:0e:96:bd:7d:10,192.168.0.23,204.79.197.203,TCP,65288,443,A
2023-08-23 14:42:04,94:65:9c:e5:7e:eb,dc:0e:96:bd:7d:10,192.168.0.23,204.79.197.203,TCP,65288,443,PA
2023-08-23 14:42:04,94:65:9c:e5:7e:eb,dc:0e:96:bd:7d:10,192.168.0.23,204.79.197.203,TCP,65288,443,PA
2023-08-23 14:42:04,94:65:9c:e5:7e:eb,dc:0e:96:bd:7d:10,192.168.0.23,204.79.197.203,TCP,65288,443,PA
2023-08-23 14:42:04,dc:0e:96:bd:7d:10,94:65:9c:e5:7e:eb,204.79.197.203,192.168.0.23,TCP,443,65288,A
2023-08-23 14:42:04,dc:0e:96:bd:7d:10,94:65:9c:e5:7e:eb,204.79.197.203,192.168.0.23,TCP,443,65288,A
2023-08-23 14:42:04,dc:0e:96:bd:7d:10,94:65:9c:e5:7e:eb,204.79.197.203,192.168.0.23,TCP,443,65288,PA
2023-08-23 14:42:04,dc:0e:96:bd:7d:10,94:65:9c:e5:7e:eb,204.79.197.203,192.168.0.23,TCP,443,65288,PA
2023-08-23 14:42:04,94:65:9c:e5:7e:eb,dc:0e:96:bd:7d:10,192.168.0.23,204.79.197.203,TCP,65288,443,A
2023-08-23 14:42:04,94:65:9c:e5:7e:eb,dc:0e:96:bd:7d:10,192.168.0.23,204.79.197.203,TCP,65288,443,PA
2023-08-23 14:42:04,34:02:86:5a:90:bf,01:00:5e:7f:ff:fa,192.168.0.40,239.255.255.250,UDP,61438,1900,
2023-08-23 14:42:04,dc:0e:96:bd:7d:10,94:65:9c:e5:7e:eb,204.79.197.203,192.168.0.23,TCP,443,65288,A
2023-08-23 14:42:04,dc:0e:96:bd:7d:10,94:65:9c:e5:7e:eb,204.79.197.203,192.168.0.23,TCP,443,65288,A
2023-08-23 14:42:04,dc:0e:96:bd:7d:10,94:65:9c:e5:7e:eb,204.79.197.203,192.168.0.23,TCP,443,65288,A
2023-08-23 14:42:04,dc:0e:96:bd:7d:10,94:65:9c:e5:7e:eb,204.79.197.203,192.168.0.23,TCP,443,65288,A
2023-08-23 14:42:04,dc:0e:96:bd:7d:10,94:65:9c:e5:7e:eb,204.79.197.203,192.168.0.23,TCP,443,65288,PA
2023-08-23 14:42:04,94:65:9c:e5:7e:eb,dc:0e:96:bd:7d:10,192.168.0.23,204.79.197.203,TCP,65288,443,A
2023-08-23 14:42:04,00:18:ae:ec:8b:aa,01:00:5e:7f:ff:fa,192.168.0.10,239.255.255.250,UDP,34455,3702,
2023-08-23 14:42:05,dc:0e:96:bd:7d:10,94:65:9c:e5:7e:eb,204.79.197.203,192.168.0.23,TCP,443,65288,PA
2023-08-23 14:42:05,dc:0e:96:bd:7d:10,94:65:9c:e5:7e:eb,204.79.197.203,192.168.0.23,TCP,443,65288,PA
2023-08-23 14:42:05,dc:0e:96:bd:7d:10,94:65:9c:e5:7e:eb,204.79.197.203,192.168.0.23,TCP,443,65288,A
2023-08-23 14:42:05,dc:0e:96:bd:7d:10,94:65:9c:e5:7e:eb,204.79.197.203,192.168.0.23,TCP,443,65288,PA
2023-08-23 14:42:05,dc:0e:96:bd:7d:10,94:65:9c:e5:7e:eb,204.79.197.203,192.168.0.23,TCP,443,65288,PA
2023-08-23 14:42:05,dc:0e:96:bd:7d:10,94:65:9c:e5:7e:eb,204.79.197.203,192.168.0.23,TCP,443,65288,A
2023-08-23 14:42:05,dc:0e:96:bd:7d:10,94:65:9c:e5:7e:eb,204.79.197.203,192.168.0.23,TCP,443,65288,A
2023-08-23 14:42:05,94:65:9c:e5:7e:eb,dc:0e:96:bd:7d:10,192.168.0.23,204.79.197.203,TCP,65288,443,A
2023-08-23 14:42:05,dc:0e:96:bd:7d:10,94:65:9c:e5:7e:eb,204.79.197.203,192.168.0.23,TCP,443,65288,A
2023-08-23 14:42:05,dc:0e:96:bd:7d:10,94:65:9c:e5:7e:eb,204.79.197.203,192.168.0.23,TCP,443,65288,PA
2023-08-23 14:42:05,dc:0e:96:bd:7d:10,94:65:9c:e5:7e:eb,204.79.197.203,192.168.0.23,TCP,443,65288,PA
2023-08-23 14:42:05,dc:0e:96:bd:7d:10,94:65:9c:e5:7e:eb,204.79.197.203,192.168.0.23,TCP,443,65288,A
2023-08-23 14:42:05,dc:0e:96:bd:7d:10,94:65:9c:e5:7e:eb,204.79.197.203,192.168.0.23,TCP,443,65288,A
2023-08-23 14:42:05,dc:0e:96:bd:7d:10,94:65:9c:e5:7e:eb,204.79.197.203,192.168.0.23,TCP,443,65288,A
2023-08-23 14:42:05,dc:0e:96:bd:7d:10,94:65:9c:e5:7e:eb,204.79.197.203,192.168.0.23,TCP,443,65288,PA
2023-08-23 14:42:05,dc:0e:96:bd:7d:10,94:65:9c:e5:7e:eb,204.79.197.203,192.168.0.23,TCP,443,65288,PA
2023-08-23 14:42:05,dc:0e:96:bd:7d:10,94:65:9c:e5:7e:eb,204.79.197.203,192.168.0.23,TCP,443,65288,PA
2023-08-23 14:42:05,dc:0e:96:bd:7d:10,94:65:9c:e5:7e:eb,204.79.197.203,192.168.0.23,TCP,443,65288,A
2023-08-23 14:42:05,dc:0e:96:bd:7d:10,94:65:9c:e5:7e:eb,204.79.197.203,192.168.0.23,TCP,443,65288,A
2023-08-23 14:42:05,dc:0e:96:bd:7d:10,94:65:9c:e5:7e:eb,204.79.197.203,192.168.0.23,TCP,443,65288,A
2023-08-23 14:42:05,94:65:9c:e5:7e:eb,dc:0e:96:bd:7d:10,192.168.0.23,204.79.197.203,TCP,65288,443,A
2023-08-23 14:42:05,dc:0e:96:bd:7d:10,94:65:9c:e5:7e:eb,204.79.197.203,192.168.0.23,TCP,443,65288,A
2023-08-23 14:42:05,dc:0e:96:bd:7d:10,94:65:9c:e5:7e:eb,204.79.197.203,192.168.0.23,TCP,443,65288,A
2023-08-23 14:42:05,dc:0e:96:bd:7d:10,94:65:9c:e5:7e:eb,204.79.197.203,192.168.0.23,TCP,443,65288,PA
2023-08-23 14:42:05,dc:0e:96:bd:7d:10,94:65:9c:e5:7e:eb,204.79.197.203,192.168.0.23,TCP,443,65288,PA
2023-08-23 14:42:05,dc:0e:96:bd:7d:10,94:65:9c:e5:7e:eb,204.79.197.203,192.168.0.23,TCP,443,65288,A
2023-08-23 14:42:05,dc:0e:96:bd:7d:10,94:65:9c:e5:7e:eb,204.79.197.203,192.168.0.23,TCP,443,65288,A
2023-08-23 14:42:05,dc:0e:96:bd:7d:10,94:65:9c:e5:7e:eb,204.79.197.203,192.168.0.23,TCP,443,65288,A
2023-08-23 14:42:05,dc:0e:96:bd:7d:10,94:65:9c:e5:7e:eb,204.79.197.203,192.168.0.23,TCP,443,65288,PA
2023-08-23 14:42:05,dc:0e:96:bd:7d:10,94:65:9c:e5:7e:eb,204.79.197.203,192.168.0.23,TCP,443,65288,PA
2023-08-23 14:42:05,dc:0e:96:bd:7d:10,94:65:9c:e5:7e:eb,204.79.197.203,192.168.0.23,TCP,443,65288,PA
2023-08-23 14:42:05,dc:0e:96:bd:7d:10,94:65:9c:e5:7e:eb,204.79.197.203,192.168.0.23,TCP,443,65288,A
2023-08-23 14:42:05,94:65:9c:e5:7e:eb,dc:0e:96:bd:7d:10,192.168.0.23,204.79.197.203,TCP,65288,443,A
2023-08-23 14:42:05,dc:0e:96:bd:7d:10,94:65:9c:e5:7e:eb,204.79.197.203,192.168.0.23,TCP,443,65288,A
2023-08-23 14:42:05,94:65:9c:e5:7e:eb,dc:0e:96:bd:7d:10,192.168.0.23,204.79.197.203,TCP,65288,443,A
2023-08-23 14:42:05,dc:0e:96:bd:7d:10,94:65:9c:e5:7e:eb,204.79.197.203,192.168.0.23,TCP,443,65288,PA
2023-08-23 14:42:05,94:65:9c:e5:7e:eb,dc:0e:96:bd:7d:10,192.168.0.23,204.79.197.203,TCP,65288,443,A
2023-08-23 14:42:05,94:65:9c:e5:7e:eb,dc:0e:96:bd:7d:10,192.168.0.23,35.169.70.174,TCP,65283,443,A
2023-08-23 14:42:05,94:65:9c:e5:7e:eb,dc:0e:96:bd:7d:10,192.168.0.23,35.169.70.174,TCP,65282,443,A
2023-08-23 14:42:05,16:83:d5:17:c8:d3,01:00:5e:00:00:fb,192.168.0.105,224.0.0.251,UDP,5353,5353,
2023-08-23 14:42:05,94:65:9c:e5:7e:eb,dc:0e:96:bd:7d:10,192.168.0.23,23.15.35.26,TCP,64571,443,FA
2023-08-23 14:42:05,94:65:9c:e5:7e:eb,dc:0e:96:bd:7d:10,192.168.0.23,23.48.244.8,TCP,64567,443,FA
2023-08-23 14:42:05,94:65:9c:e5:7e:eb,dc:0e:96:bd:7d:10,192.168.0.23,23.58.93.72,TCP,64570,443,FA
2023-08-23 14:42:05,94:65:9c:e5:7e:eb,dc:0e:96:bd:7d:10,192.168.0.23,23.58.93.72,TCP,64569,443,FA
2023-08-23 14:42:05,94:65:9c:e5:7e:eb,dc:0e:96:bd:7d:10,192.168.0.23,23.48.244.8,TCP,64568,443,FA
2023-08-23 14:42:05,dc:0e:96:bd:7d:10,94:65:9c:e5:7e:eb,35.169.70.174,192.168.0.23,TCP,443,65283,A
2023-08-23 14:42:05,dc:0e:96:bd:7d:10,94:65:9c:e5:7e:eb,35.169.70.174,192.168.0.23,TCP,443,65282,A
2023-08-23 14:42:05,94:65:9c:e5:7e:eb,dc:0e:96:bd:7d:10,192.168.0.23,23.58.93.72,TCP,64570,443,FA
2023-08-23 14:42:06,94:65:9c:e5:7e:eb,dc:0e:96:bd:7d:10,192.168.0.23,23.15.35.26,TCP,64571,443,FA
2023-08-23 14:42:06,94:65:9c:e5:7e:eb,dc:0e:96:bd:7d:10,192.168.0.23,23.48.244.8,TCP,64568,443,FA
2023-08-23 14:42:06,94:65:9c:e5:7e:eb,dc:0e:96:bd:7d:10,192.168.0.23,23.48.244.8,TCP,64567,443,FA
2023-08-23 14:42:06,94:65:9c:e5:7e:eb,dc:0e:96:bd:7d:10,192.168.0.23,23.58.93.72,TCP,64569,443,FA
2023-08-23 14:42:06,94:65:9c:e5:7e:eb,dc:0e:96:bd:7d:10,192.168.0.23,23.48.244.8,TCP,65289,443,S
2023-08-23 14:42:06,94:65:9c:e5:7e:eb,dc:0e:96:bd:7d:10,192.168.0.23,23.48.244.8,TCP,65290,443,S
2023-08-23 14:42:06,94:65:9c:e5:7e:eb,dc:0e:96:bd:7d:10,192.168.0.23,23.48.244.8,TCP,65291,443,S
2023-08-23 14:42:06,e8:5a:8b:65:48:c7,01:00:5e:00:00:fb,192.168.0.142,224.0.0.251,UDP,5353,5353,
2023-08-23 14:42:06,dc:0e:96:bd:7d:10,94:65:9c:e5:7e:eb,23.48.244.8,192.168.0.23,TCP,443,65290,SA
2023-08-23 14:42:06,94:65:9c:e5:7e:eb,dc:0e:96:bd:7d:10,192.168.0.23,23.48.244.8,TCP,65290,443,A
2023-08-23 14:42:06,94:65:9c:e5:7e:eb,dc:0e:96:bd:7d:10,192.168.0.23,23.48.244.8,TCP,65290,443,PA
2023-08-23 14:42:06,dc:0e:96:bd:7d:10,94:65:9c:e5:7e:eb,23.48.244.8,192.168.0.23,TCP,443,65289,SA
2023-08-23 14:42:06,94:65:9c:e5:7e:eb,dc:0e:96:bd:7d:10,192.168.0.23,23.48.244.8,TCP,65289,443,A
2023-08-23 14:42:06,94:65:9c:e5:7e:eb,dc:0e:96:bd:7d:10,192.168.0.23,23.48.244.8,TCP,65289,443,PA
2023-08-23 14:42:06,dc:0e:96:bd:7d:10,94:65:9c:e5:7e:eb,23.48.244.8,192.168.0.23,TCP,443,65291,SA
2023-08-23 14:42:06,94:65:9c:e5:7e:eb,dc:0e:96:bd:7d:10,192.168.0.23,23.48.244.8,TCP,65291,443,A
2023-08-23 14:42:06,94:65:9c:e5:7e:eb,dc:0e:96:bd:7d:10,192.168.0.23,23.48.244.8,TCP,65291,443,PA
2023-08-23 14:42:06,dc:0e:96:bd:7d:10,94:65:9c:e5:7e:eb,23.48.244.8,192.168.0.23,TCP,443,65290,A
2023-08-23 14:42:06,dc:0e:96:bd:7d:10,94:65:9c:e5:7e:eb,23.48.244.8,192.168.0.23,TCP,443,65289,A
2023-08-23 14:42:06,dc:0e:96:bd:7d:10,94:65:9c:e5:7e:eb,23.48.244.8,192.168.0.23,TCP,443,65289,A
2023-08-23 14:42:06,94:65:9c:e5:7e:eb,dc:0e:96:bd:7d:10,192.168.0.23,23.48.244.8,TCP,65289,443,A
2023-08-23 14:42:06,dc:0e:96:bd:7d:10,94:65:9c:e5:7e:eb,23.48.244.8,192.168.0.23,TCP,443,65289,PA
2023-08-23 14:42:06,94:65:9c:e5:7e:eb,dc:0e:96:bd:7d:10,192.168.0.23,23.48.244.8,TCP,65289,443,A
2023-08-23 14:42:06,dc:0e:96:bd:7d:10,94:65:9c:e5:7e:eb,23.48.244.8,192.168.0.23,TCP,443,65289,PA
2023-08-23 14:42:06,94:65:9c:e5:7e:eb,dc:0e:96:bd:7d:10,192.168.0.23,23.48.244.8,TCP,65289,443,A
2023-08-23 14:42:06,dc:0e:96:bd:7d:10,94:65:9c:e5:7e:eb,23.48.244.8,192.168.0.23,TCP,443,65291,A
2023-08-23 14:42:06,dc:0e:96:bd:7d:10,94:65:9c:e5:7e:eb,23.48.244.8,192.168.0.23,TCP,443,65291,A
2023-08-23 14:42:06,94:65:9c:e5:7e:eb,dc:0e:96:bd:7d:10,192.168.0.23,23.48.244.8,TCP,65291,443,A
2023-08-23 14:42:06,dc:0e:96:bd:7d:10,94:65:9c:e5:7e:eb,23.48.244.8,192.168.0.23,TCP,443,65291,PA
2023-08-23 14:42:06,94:65:9c:e5:7e:eb,dc:0e:96:bd:7d:10,192.168.0.23,23.48.244.8,TCP,65291,443,A
2023-08-23 14:42:06,dc:0e:96:bd:7d:10,94:65:9c:e5:7e:eb,23.48.244.8,192.168.0.23,TCP,443,65291,PA
2023-08-23 14:42:06,94:65:9c:e5:7e:eb,dc:0e:96:bd:7d:10,192.168.0.23,23.48.244.8,TCP,65291,443,A
2023-08-23 14:42:06,dc:0e:96:bd:7d:10,94:65:9c:e5:7e:eb,23.48.244.8,192.168.0.23,TCP,443,65290,A
2023-08-23 14:42:06,94:65:9c:e5:7e:eb,dc:0e:96:bd:7d:10,192.168.0.23,23.48.244.8,TCP,65290,443,A
2023-08-23 14:42:06,dc:0e:96:bd:7d:10,94:65:9c:e5:7e:eb,23.48.244.8,192.168.0.23,TCP,443,65290,PA
2023-08-23 14:42:06,94:65:9c:e5:7e:eb,dc:0e:96:bd:7d:10,192.168.0.23,23.48.244.8,TCP,65290,443,A
2023-08-23 14:42:06,dc:0e:96:bd:7d:10,94:65:9c:e5:7e:eb,23.48.244.8,192.168.0.23,TCP,443,65290,PA
2023-08-23 14:42:06,94:65:9c:e5:7e:eb,dc:0e:96:bd:7d:10,192.168.0.23,23.48.244.8,TCP,65290,443,A
2023-08-23 14:42:06,94:65:9c:e5:7e:eb,dc:0e:96:bd:7d:10,192.168.0.23,23.48.244.8,TCP,65289,443,PA
2023-08-23 14:42:06,94:65:9c:e5:7e:eb,dc:0e:96:bd:7d:10,192.168.0.23,23.48.244.8,TCP,65291,443,PA
2023-08-23 14:42:06,94:65:9c:e5:7e:eb,dc:0e:96:bd:7d:10,192.168.0.23,23.48.244.8,TCP,65289,443,PA
2023-08-23 14:42:06,94:65:9c:e5:7e:eb,dc:0e:96:bd:7d:10,192.168.0.23,23.48.244.8,TCP,65291,443,PA
2023-08-23 14:42:06,94:65:9c:e5:7e:eb,dc:0e:96:bd:7d:10,192.168.0.23,23.48.244.8,TCP,65289,443,PA
2023-08-23 14:42:06,94:65:9c:e5:7e:eb,dc:0e:96:bd:7d:10,192.168.0.23,23.48.244.8,TCP,65289,443,PA
2023-08-23 14:42:06,94:65:9c:e5:7e:eb,dc:0e:96:bd:7d:10,192.168.0.23,23.48.244.8,TCP,65290,443,PA
2023-08-23 14:42:06,94:65:9c:e5:7e:eb,dc:0e:96:bd:7d:10,192.168.0.23,23.48.244.8,TCP,65290,443,PA
2023-08-23 14:42:06,94:65:9c:e5:7e:eb,dc:0e:96:bd:7d:10,192.168.0.23,23.48.244.8,TCP,65289,443,PA
2023-08-23 14:42:06,dc:0e:96:bd:7d:10,94:65:9c:e5:7e:eb,23.48.244.8,192.168.0.23,TCP,443,65290,A
2023-08-23 14:42:06,dc:0e:96:bd:7d:10,94:65:9c:e5:7e:eb,23.48.244.8,192.168.0.23,TCP,443,65290,A
2023-08-23 14:42:06,dc:0e:96:bd:7d:10,94:65:9c:e5:7e:eb,23.48.244.8,192.168.0.23,TCP,443,65290,PA
2023-08-23 14:42:06,dc:0e:96:bd:7d:10,94:65:9c:e5:7e:eb,23.48.244.8,192.168.0.23,TCP,443,65290,PA
2023-08-23 14:42:06,dc:0e:96:bd:7d:10,94:65:9c:e5:7e:eb,23.48.244.8,192.168.0.23,TCP,443,65290,PA
2023-08-23 14:42:06,94:65:9c:e5:7e:eb,dc:0e:96:bd:7d:10,192.168.0.23,23.48.244.8,TCP,65290,443,A
2023-08-23 14:42:06,94:65:9c:e5:7e:eb,dc:0e:96:bd:7d:10,192.168.0.23,23.48.244.8,TCP,65290,443,PA
2023-08-23 14:42:06,dc:0e:96:bd:7d:10,94:65:9c:e5:7e:eb,23.48.244.8,192.168.0.23,TCP,443,65289,A
2023-08-23 14:42:06,dc:0e:96:bd:7d:10,94:65:9c:e5:7e:eb,23.48.244.8,192.168.0.23,TCP,443,65291,A
2023-08-23 14:42:06,dc:0e:96:bd:7d:10,94:65:9c:e5:7e:eb,23.48.244.8,192.168.0.23,TCP,443,65291,PA
2023-08-23 14:42:06,94:65:9c:e5:7e:eb,dc:0e:96:bd:7d:10,192.168.0.23,23.48.244.8,TCP,65291,443,A
2023-08-23 14:42:06,dc:0e:96:bd:7d:10,94:65:9c:e5:7e:eb,23.48.244.8,192.168.0.23,TCP,443,65289,A
2023-08-23 14:42:06,dc:0e:96:bd:7d:10,94:65:9c:e5:7e:eb,23.48.244.8,192.168.0.23,TCP,443,65291,A
2023-08-23 14:42:06,94:65:9c:e5:7e:eb,dc:0e:96:bd:7d:10,192.168.0.23,23.58.93.72,TCP,65292,443,S
2023-08-23 14:42:06,dc:0e:96:bd:7d:10,94:65:9c:e5:7e:eb,23.48.244.8,192.168.0.23,TCP,443,65291,PA
2023-08-23 14:42:06,dc:0e:96:bd:7d:10,94:65:9c:e5:7e:eb,23.48.244.8,192.168.0.23,TCP,443,65291,PA
2023-08-23 14:42:06,94:65:9c:e5:7e:eb,dc:0e:96:bd:7d:10,192.168.0.23,23.48.244.8,TCP,65291,443,A
2023-08-23 14:42:06,dc:0e:96:bd:7d:10,94:65:9c:e5:7e:eb,23.48.244.8,192.168.0.23,TCP,443,65289,A
2023-08-23 14:42:06,94:65:9c:e5:7e:eb,dc:0e:96:bd:7d:10,192.168.0.23,23.58.93.72,TCP,65293,443,S
2023-08-23 14:42:06,dc:0e:96:bd:7d:10,94:65:9c:e5:7e:eb,23.48.244.8,192.168.0.23,TCP,443,65289,A
2023-08-23 14:42:06,dc:0e:96:bd:7d:10,94:65:9c:e5:7e:eb,23.48.244.8,192.168.0.23,TCP,443,65289,A
2023-08-23 14:42:06,dc:0e:96:bd:7d:10,94:65:9c:e5:7e:eb,23.48.244.8,192.168.0.23,TCP,443,65289,A
2023-08-23 14:42:06,94:65:9c:e5:7e:eb,dc:0e:96:bd:7d:10,192.168.0.23,23.48.244.8,TCP,65291,443,PA
2023-08-23 14:42:06,dc:0e:96:bd:7d:10,94:65:9c:e5:7e:eb,23.58.93.72,192.168.0.23,TCP,443,65292,SA
2023-08-23 14:42:06,94:65:9c:e5:7e:eb,dc:0e:96:bd:7d:10,192.168.0.23,23.58.93.72,TCP,65292,443,A
2023-08-23 14:42:06,94:65:9c:e5:7e:eb,dc:0e:96:bd:7d:10,192.168.0.23,23.58.93.72,TCP,65292,443,PA
2023-08-23 14:42:06,dc:0e:96:bd:7d:10,94:65:9c:e5:7e:eb,23.48.244.8,192.168.0.23,TCP,443,65289,PA
2023-08-23 14:42:06,94:65:9c:e5:7e:eb,dc:0e:96:bd:7d:10,192.168.0.23,23.48.244.8,TCP,65289,443,A
2023-08-23 14:42:06,dc:0e:96:bd:7d:10,94:65:9c:e5:7e:eb,23.58.93.72,192.168.0.23,TCP,443,65293,SA
2023-08-23 14:42:06,94:65:9c:e5:7e:eb,dc:0e:96:bd:7d:10,192.168.0.23,23.58.93.72,TCP,65293,443,A
2023-08-23 14:42:06,94:65:9c:e5:7e:eb,dc:0e:96:bd:7d:10,192.168.0.23,23.58.93.72,TCP,65293,443,PA
2023-08-23 14:42:06,dc:0e:96:bd:7d:10,94:65:9c:e5:7e:eb,23.58.93.72,192.168.0.23,TCP,443,65292,PA
2023-08-23 14:42:06,dc:0e:96:bd:7d:10,94:65:9c:e5:7e:eb,23.58.93.72,192.168.0.23,TCP,443,65292,A
2023-08-23 14:42:06,dc:0e:96:bd:7d:10,94:65:9c:e5:7e:eb,23.58.93.72,192.168.0.23,TCP,443,65292,PA
2023-08-23 14:42:06,dc:0e:96:bd:7d:10,94:65:9c:e5:7e:eb,23.58.93.72,192.168.0.23,TCP,443,65292,A
2023-08-23 14:42:06,dc:0e:96:bd:7d:10,94:65:9c:e5:7e:eb,23.58.93.72,192.168.0.23,TCP,443,65292,A
2023-08-23 14:42:06,94:65:9c:e5:7e:eb,dc:0e:96:bd:7d:10,192.168.0.23,23.58.93.72,TCP,65292,443,A
2023-08-23 14:42:06,dc:0e:96:bd:7d:10,94:65:9c:e5:7e:eb,23.48.244.8,192.168.0.23,TCP,443,65289,PA
2023-08-23 14:42:06,94:65:9c:e5:7e:eb,dc:0e:96:bd:7d:10,192.168.0.23,23.48.244.8,TCP,65289,443,A
2023-08-23 14:42:06,94:65:9c:e5:7e:eb,dc:0e:96:bd:7d:10,192.168.0.23,23.48.244.8,TCP,65289,443,PA
2023-08-23 14:42:06,dc:0e:96:bd:7d:10,94:65:9c:e5:7e:eb,23.48.244.8,192.168.0.23,TCP,443,65289,PA
2023-08-23 14:42:06,94:65:9c:e5:7e:eb,dc:0e:96:bd:7d:10,192.168.0.23,23.48.244.8,TCP,65289,443,A
2023-08-23 14:42:06,dc:0e:96:bd:7d:10,94:65:9c:e5:7e:eb,23.48.244.8,192.168.0.23,TCP,443,65289,A
2023-08-23 14:42:06,dc:0e:96:bd:7d:10,94:65:9c:e5:7e:eb,23.48.244.8,192.168.0.23,TCP,443,65289,PA
2023-08-23 14:42:06,dc:0e:96:bd:7d:10,94:65:9c:e5:7e:eb,23.48.244.8,192.168.0.23,TCP,443,65289,PA
2023-08-23 14:42:06,dc:0e:96:bd:7d:10,94:65:9c:e5:7e:eb,23.48.244.8,192.168.0.23,TCP,443,65289,PA
2023-08-23 14:42:06,94:65:9c:e5:7e:eb,dc:0e:96:bd:7d:10,192.168.0.23,23.48.244.8,TCP,65289,443,A
2023-08-23 14:42:06,dc:0e:96:bd:7d:10,94:65:9c:e5:7e:eb,23.58.93.72,192.168.0.23,TCP,443,65293,PA
2023-08-23 14:42:06,dc:0e:96:bd:7d:10,94:65:9c:e5:7e:eb,23.58.93.72,192.168.0.23,TCP,443,65293,PA
2023-08-23 14:42:06,dc:0e:96:bd:7d:10,94:65:9c:e5:7e:eb,23.58.93.72,192.168.0.23,TCP,443,65293,A
2023-08-23 14:42:06,94:65:9c:e5:7e:eb,dc:0e:96:bd:7d:10,192.168.0.23,23.58.93.72,TCP,65293,443,A
2023-08-23 14:42:06,dc:0e:96:bd:7d:10,94:65:9c:e5:7e:eb,23.58.93.72,192.168.0.23,TCP,443,65292,PA
2023-08-23 14:42:06,dc:0e:96:bd:7d:10,94:65:9c:e5:7e:eb,23.58.93.72,192.168.0.23,TCP,443,65292,A
2023-08-23 14:42:06,dc:0e:96:bd:7d:10,94:65:9c:e5:7e:eb,23.58.93.72,192.168.0.23,TCP,443,65293,PA
2023-08-23 14:42:06,dc:0e:96:bd:7d:10,94:65:9c:e5:7e:eb,23.58.93.72,192.168.0.23,TCP,443,65293,A
2023-08-23 14:42:06,94:65:9c:e5:7e:eb,dc:0e:96:bd:7d:10,192.168.0.23,23.58.93.72,TCP,65293,443,A
2023-08-23 14:42:06,94:65:9c:e5:7e:eb,dc:0e:96:bd:7d:10,192.168.0.23,23.58.93.72,TCP,65292,443,A
2023-08-23 14:42:06,94:65:9c:e5:7e:eb,dc:0e:96:bd:7d:10,192.168.0.23,23.58.93.72,TCP,65293,443,PA
2023-08-23 14:42:06,94:65:9c:e5:7e:eb,dc:0e:96:bd:7d:10,192.168.0.23,23.58.93.72,TCP,65292,443,PA
2023-08-23 14:42:06,94:65:9c:e5:7e:eb,dc:0e:96:bd:7d:10,192.168.0.23,23.58.93.72,TCP,65292,443,PA
2023-08-23 14:42:06,94:65:9c:e5:7e:eb,dc:0e:96:bd:7d:10,192.168.0.23,23.58.93.72,TCP,65293,443,PA
2023-08-23 14:42:06,94:65:9c:e5:7e:eb,dc:0e:96:bd:7d:10,192.168.0.23,23.58.93.72,TCP,65292,443,PA
2023-08-23 14:42:06,94:65:9c:e5:7e:eb,dc:0e:96:bd:7d:10,192.168.0.23,23.58.93.72,TCP,65292,443,PA
2023-08-23 14:42:06,dc:0e:96:bd:7d:10,94:65:9c:e5:7e:eb,23.58.93.72,192.168.0.23,TCP,443,65293,PA
2023-08-23 14:42:06,dc:0e:96:bd:7d:10,94:65:9c:e5:7e:eb,23.58.93.72,192.168.0.23,TCP,443,65292,A
2023-08-23 14:42:06,dc:0e:96:bd:7d:10,94:65:9c:e5:7e:eb,23.58.93.72,192.168.0.23,TCP,443,65292,A
2023-08-23 14:42:06,dc:0e:96:bd:7d:10,94:65:9c:e5:7e:eb,23.58.93.72,192.168.0.23,TCP,443,65293,A
2023-08-23 14:42:06,dc:0e:96:bd:7d:10,94:65:9c:e5:7e:eb,23.58.93.72,192.168.0.23,TCP,443,65292,A
2023-08-23 14:42:06,dc:0e:96:bd:7d:10,94:65:9c:e5:7e:eb,23.58.93.72,192.168.0.23,TCP,443,65292,A
2023-08-23 14:42:06,94:65:9c:e5:7e:eb,dc:0e:96:bd:7d:10,192.168.0.23,23.58.93.72,TCP,65293,443,A
2023-08-23 14:42:06,dc:0e:96:bd:7d:10,94:65:9c:e5:7e:eb,23.58.93.72,192.168.0.23,TCP,443,65293,PA
2023-08-23 14:42:06,dc:0e:96:bd:7d:10,94:65:9c:e5:7e:eb,23.58.93.72,192.168.0.23,TCP,443,65293,PA
2023-08-23 14:42:06,dc:0e:96:bd:7d:10,94:65:9c:e5:7e:eb,23.58.93.72,192.168.0.23,TCP,443,65293,A
2023-08-23 14:42:06,94:65:9c:e5:7e:eb,dc:0e:96:bd:7d:10,192.168.0.23,23.58.93.72,TCP,65293,443,A
2023-08-23 14:42:06,94:65:9c:e5:7e:eb,dc:0e:96:bd:7d:10,192.168.0.23,23.58.93.72,TCP,65293,443,PA
2023-08-23 14:42:06,dc:0e:96:bd:7d:10,94:65:9c:e5:7e:eb,23.58.93.72,192.168.0.23,TCP,443,65293,A
2023-08-23 14:42:06,dc:0e:96:bd:7d:10,94:65:9c:e5:7e:eb,23.48.244.8,192.168.0.23,TCP,443,65290,A
2023-08-23 14:42:06,dc:0e:96:bd:7d:10,94:65:9c:e5:7e:eb,23.48.244.8,192.168.0.23,TCP,443,65289,A
2023-08-23 14:42:06,94:65:9c:e5:7e:eb,dc:0e:96:bd:7d:10,192.168.0.23,23.48.244.8,TCP,65289,443,A
2023-08-23 14:42:06,dc:0e:96:bd:7d:10,94:65:9c:e5:7e:eb,23.48.244.8,192.168.0.23,TCP,443,65289,PA
2023-08-23 14:42:06,94:65:9c:e5:7e:eb,dc:0e:96:bd:7d:10,192.168.0.23,23.48.244.8,TCP,65289,443,A
2023-08-23 14:42:06,dc:0e:96:bd:7d:10,94:65:9c:e5:7e:eb,23.48.244.8,192.168.0.23,TCP,443,65289,PA
2023-08-23 14:42:06,dc:0e:96:bd:7d:10,94:65:9c:e5:7e:eb,23.48.244.8,192.168.0.23,TCP,443,65289,A
2023-08-23 14:42:06,dc:0e:96:bd:7d:10,94:65:9c:e5:7e:eb,23.48.244.8,192.168.0.23,TCP,443,65291,A
2023-08-23 14:42:06,dc:0e:96:bd:7d:10,94:65:9c:e5:7e:eb,23.48.244.8,192.168.0.23,TCP,443,65289,PA
2023-08-23 14:42:06,dc:0e:96:bd:7d:10,94:65:9c:e5:7e:eb,23.48.244.8,192.168.0.23,TCP,443,65289,A
2023-08-23 14:42:06,dc:0e:96:bd:7d:10,94:65:9c:e5:7e:eb,23.48.244.8,192.168.0.23,TCP,443,65289,PA
2023-08-23 14:42:06,dc:0e:96:bd:7d:10,94:65:9c:e5:7e:eb,23.48.244.8,192.168.0.23,TCP,443,65289,A
2023-08-23 14:42:06,94:65:9c:e5:7e:eb,dc:0e:96:bd:7d:10,192.168.0.23,23.48.244.8,TCP,65289,443,A
2023-08-23 14:42:06,dc:0e:96:bd:7d:10,94:65:9c:e5:7e:eb,23.48.244.8,192.168.0.23,TCP,443,65289,A
2023-08-23 14:42:06,94:65:9c:e5:7e:eb,dc:0e:96:bd:7d:10,192.168.0.23,23.48.244.8,TCP,65289,443,A
2023-08-23 14:42:06,dc:0e:96:bd:7d:10,94:65:9c:e5:7e:eb,23.48.244.8,192.168.0.23,TCP,443,65289,PA
2023-08-23 14:42:06,94:65:9c:e5:7e:eb,dc:0e:96:bd:7d:10,192.168.0.23,23.48.244.8,TCP,65289,443,A
2023-08-23 14:42:06,dc:0e:96:bd:7d:10,94:65:9c:e5:7e:eb,23.48.244.8,192.168.0.23,TCP,443,65289,A
2023-08-23 14:42:06,94:65:9c:e5:7e:eb,dc:0e:96:bd:7d:10,192.168.0.23,23.48.244.8,TCP,65289,443,A
2023-08-23 14:42:06,dc:0e:96:bd:7d:10,94:65:9c:e5:7e:eb,23.48.244.8,192.168.0.23,TCP,443,65289,PA
2023-08-23 14:42:06,94:65:9c:e5:7e:eb,dc:0e:96:bd:7d:10,192.168.0.23,23.48.244.8,TCP,65289,443,A
2023-08-23 14:42:06,dc:0e:96:bd:7d:10,94:65:9c:e5:7e:eb,23.48.244.8,192.168.0.23,TCP,443,65289,A
2023-08-23 14:42:06,dc:0e:96:bd:7d:10,94:65:9c:e5:7e:eb,23.48.244.8,192.168.0.23,TCP,443,65289,PA
2023-08-23 14:42:06,94:65:9c:e5:7e:eb,dc:0e:96:bd:7d:10,192.168.0.23,23.48.244.8,TCP,65289,443,A
2023-08-23 14:42:06,dc:0e:96:bd:7d:10,94:65:9c:e5:7e:eb,23.48.244.8,192.168.0.23,TCP,443,65289,A
2023-08-23 14:42:06,94:65:9c:e5:7e:eb,dc:0e:96:bd:7d:10,192.168.0.23,23.48.244.8,TCP,65289,443,A
2023-08-23 14:42:06,dc:0e:96:bd:7d:10,94:65:9c:e5:7e:eb,23.48.244.8,192.168.0.23,TCP,443,65289,PA
2023-08-23 14:42:06,94:65:9c:e5:7e:eb,dc:0e:96:bd:7d:10,192.168.0.23,23.48.244.8,TCP,65289,443,A
2023-08-23 14:42:06,dc:0e:96:bd:7d:10,94:65:9c:e5:7e:eb,23.48.244.8,192.168.0.23,TCP,443,65289,A
2023-08-23 14:42:06,94:65:9c:e5:7e:eb,dc:0e:96:bd:7d:10,192.168.0.23,23.48.244.8,TCP,65289,443,A
2023-08-23 14:42:06,dc:0e:96:bd:7d:10,94:65:9c:e5:7e:eb,23.48.244.8,192.168.0.23,TCP,443,65289,PA
2023-08-23 14:42:06,94:65:9c:e5:7e:eb,dc:0e:96:bd:7d:10,192.168.0.23,23.48.244.8,TCP,65289,443,A
2023-08-23 14:42:06,dc:0e:96:bd:7d:10,94:65:9c:e5:7e:eb,23.58.93.72,192.168.0.23,TCP,443,65292,PA
2023-08-23 14:42:06,94:65:9c:e5:7e:eb,dc:0e:96:bd:7d:10,192.168.0.23,23.58.93.72,TCP,65292,443,A
2023-08-23 14:42:06,dc:0e:96:bd:7d:10,94:65:9c:e5:7e:eb,23.48.244.8,192.168.0.23,TCP,443,65289,A
2023-08-23 14:42:06,94:65:9c:e5:7e:eb,dc:0e:96:bd:7d:10,192.168.0.23,23.48.244.8,TCP,65289,443,A
2023-08-23 14:42:06,dc:0e:96:bd:7d:10,94:65:9c:e5:7e:eb,23.48.244.8,192.168.0.23,TCP,443,65289,PA
2023-08-23 14:42:06,94:65:9c:e5:7e:eb,dc:0e:96:bd:7d:10,192.168.0.23,23.48.244.8,TCP,65289,443,A
2023-08-23 14:42:06,dc:0e:96:bd:7d:10,94:65:9c:e5:7e:eb,23.48.244.8,192.168.0.23,TCP,443,65289,PA
2023-08-23 14:42:06,dc:0e:96:bd:7d:10,94:65:9c:e5:7e:eb,23.48.244.8,192.168.0.23,TCP,443,65289,A
2023-08-23 14:42:06,94:65:9c:e5:7e:eb,dc:0e:96:bd:7d:10,192.168.0.23,23.48.244.8,TCP,65289,443,A
2023-08-23 14:42:06,dc:0e:96:bd:7d:10,94:65:9c:e5:7e:eb,23.48.244.8,192.168.0.23,TCP,443,65289,A
2023-08-23 14:42:06,94:65:9c:e5:7e:eb,dc:0e:96:bd:7d:10,192.168.0.23,23.48.244.8,TCP,65289,443,A
2023-08-23 14:42:06,94:65:9c:e5:7e:eb,dc:0e:96:bd:7d:10,192.168.0.23,23.15.35.26,TCP,64571,443,FA
2023-08-23 14:42:06,94:65:9c:e5:7e:eb,dc:0e:96:bd:7d:10,192.168.0.23,23.58.93.72,TCP,64570,443,FA
2023-08-23 14:42:06,94:65:9c:e5:7e:eb,dc:0e:96:bd:7d:10,192.168.0.23,23.48.244.8,TCP,64568,443,FA
2023-08-23 14:42:06,94:65:9c:e5:7e:eb,dc:0e:96:bd:7d:10,192.168.0.23,23.48.244.8,TCP,64567,443,FA
2023-08-23 14:42:06,94:65:9c:e5:7e:eb,dc:0e:96:bd:7d:10,192.168.0.23,23.58.93.72,TCP,64569,443,FA
2023-08-23 14:42:06,dc:0e:96:bd:7d:10,94:65:9c:e5:7e:eb,23.48.244.8,192.168.0.23,TCP,443,65289,A
2023-08-23 14:42:06,94:65:9c:e5:7e:eb,dc:0e:96:bd:7d:10,192.168.0.23,23.48.244.8,TCP,65289,443,A
2023-08-23 14:42:06,dc:0e:96:bd:7d:10,94:65:9c:e5:7e:eb,23.48.244.8,192.168.0.23,TCP,443,65289,PA
2023-08-23 14:42:06,94:65:9c:e5:7e:eb,dc:0e:96:bd:7d:10,192.168.0.23,23.48.244.8,TCP,65289,443,A
2023-08-23 14:42:06,dc:0e:96:bd:7d:10,94:65:9c:e5:7e:eb,23.48.244.8,192.168.0.23,TCP,443,65289,A
2023-08-23 14:42:06,94:65:9c:e5:7e:eb,dc:0e:96:bd:7d:10,192.168.0.23,23.48.244.8,TCP,65289,443,A
2023-08-23 14:42:06,dc:0e:96:bd:7d:10,94:65:9c:e5:7e:eb,23.48.244.8,192.168.0.23,TCP,443,65289,PA
2023-08-23 14:42:06,94:65:9c:e5:7e:eb,dc:0e:96:bd:7d:10,192.168.0.23,23.48.244.8,TCP,65289,443,A
2023-08-23 14:42:06,dc:0e:96:bd:7d:10,94:65:9c:e5:7e:eb,23.48.244.8,192.168.0.23,TCP,443,65289,A
2023-08-23 14:42:06,94:65:9c:e5:7e:eb,dc:0e:96:bd:7d:10,192.168.0.23,23.48.244.8,TCP,65289,443,A
2023-08-23 14:42:06,dc:0e:96:bd:7d:10,94:65:9c:e5:7e:eb,23.48.244.8,192.168.0.23,TCP,443,65289,PA
2023-08-23 14:42:06,94:65:9c:e5:7e:eb,dc:0e:96:bd:7d:10,192.168.0.23,23.48.244.8,TCP,65289,443,A
2023-08-23 14:42:06,dc:0e:96:bd:7d:10,94:65:9c:e5:7e:eb,23.48.244.8,192.168.0.23,TCP,443,65289,PA
2023-08-23 14:42:06,94:65:9c:e5:7e:eb,dc:0e:96:bd:7d:10,192.168.0.23,23.48.244.8,TCP,65289,443,A
2023-08-23 14:42:06,dc:0e:96:bd:7d:10,94:65:9c:e5:7e:eb,23.58.93.72,192.168.0.23,TCP,443,65292,PA
2023-08-23 14:42:06,dc:0e:96:bd:7d:10,94:65:9c:e5:7e:eb,23.58.93.72,192.168.0.23,TCP,443,65292,PA
2023-08-23 14:42:06,dc:0e:96:bd:7d:10,94:65:9c:e5:7e:eb,23.58.93.72,192.168.0.23,TCP,443,65292,PA
2023-08-23 14:42:06,94:65:9c:e5:7e:eb,dc:0e:96:bd:7d:10,192.168.0.23,23.58.93.72,TCP,65292,443,A
2023-08-23 14:42:06,94:65:9c:e5:7e:eb,dc:0e:96:bd:7d:10,192.168.0.23,23.58.93.72,TCP,65292,443,PA
2023-08-23 14:42:06,dc:0e:96:bd:7d:10,94:65:9c:e5:7e:eb,23.58.93.72,192.168.0.23,TCP,443,65292,A
2023-08-23 14:42:06,dc:0e:96:bd:7d:10,94:65:9c:e5:7e:eb,23.58.93.72,192.168.0.23,TCP,443,65292,PA
2023-08-23 14:42:06,dc:0e:96:bd:7d:10,94:65:9c:e5:7e:eb,23.58.93.72,192.168.0.23,TCP,443,65292,A
2023-08-23 14:42:06,dc:0e:96:bd:7d:10,94:65:9c:e5:7e:eb,23.58.93.72,192.168.0.23,TCP,443,65292,PA
2023-08-23 14:42:06,dc:0e:96:bd:7d:10,94:65:9c:e5:7e:eb,23.58.93.72,192.168.0.23,TCP,443,65292,A
2023-08-23 14:42:06,94:65:9c:e5:7e:eb,dc:0e:96:bd:7d:10,192.168.0.23,23.58.93.72,TCP,65292,443,A
2023-08-23 14:42:06,dc:0e:96:bd:7d:10,94:65:9c:e5:7e:eb,23.58.93.72,192.168.0.23,TCP,443,65292,PA
2023-08-23 14:42:06,dc:0e:96:bd:7d:10,94:65:9c:e5:7e:eb,23.58.93.72,192.168.0.23,TCP,443,65292,A
2023-08-23 14:42:06,dc:0e:96:bd:7d:10,94:65:9c:e5:7e:eb,23.58.93.72,192.168.0.23,TCP,443,65292,A
2023-08-23 14:42:06,dc:0e:96:bd:7d:10,94:65:9c:e5:7e:eb,23.58.93.72,192.168.0.23,TCP,443,65292,A
2023-08-23 14:42:06,dc:0e:96:bd:7d:10,94:65:9c:e5:7e:eb,23.58.93.72,192.168.0.23,TCP,443,65292,A
2023-08-23 14:42:06,dc:0e:96:bd:7d:10,94:65:9c:e5:7e:eb,23.58.93.72,192.168.0.23,TCP,443,65292,A
2023-08-23 14:42:06,94:65:9c:e5:7e:eb,dc:0e:96:bd:7d:10,192.168.0.23,23.58.93.72,TCP,65292,443,A
2023-08-23 14:42:06,dc:0e:96:bd:7d:10,94:65:9c:e5:7e:eb,23.58.93.72,192.168.0.23,TCP,443,65292,PA
2023-08-23 14:42:07,dc:0e:96:bd:7d:10,94:65:9c:e5:7e:eb,23.58.93.72,192.168.0.23,TCP,443,65292,A
2023-08-23 14:42:07,dc:0e:96:bd:7d:10,94:65:9c:e5:7e:eb,23.58.93.72,192.168.0.23,TCP,443,65292,A
2023-08-23 14:42:07,dc:0e:96:bd:7d:10,94:65:9c:e5:7e:eb,23.58.93.72,192.168.0.23,TCP,443,65292,A
2023-08-23 14:42:07,dc:0e:96:bd:7d:10,94:65:9c:e5:7e:eb,23.58.93.72,192.168.0.23,TCP,443,65292,A
2023-08-23 14:42:07,dc:0e:96:bd:7d:10,94:65:9c:e5:7e:eb,23.58.93.72,192.168.0.23,TCP,443,65292,A
2023-08-23 14:42:07,94:65:9c:e5:7e:eb,dc:0e:96:bd:7d:10,192.168.0.23,23.58.93.72,TCP,65292,443,A
2023-08-23 14:42:07,dc:0e:96:bd:7d:10,94:65:9c:e5:7e:eb,23.58.93.72,192.168.0.23,TCP,443,65292,A
2023-08-23 14:42:07,dc:0e:96:bd:7d:10,94:65:9c:e5:7e:eb,23.58.93.72,192.168.0.23,TCP,443,65292,A
2023-08-23 14:42:07,dc:0e:96:bd:7d:10,94:65:9c:e5:7e:eb,23.58.93.72,192.168.0.23,TCP,443,65292,A
2023-08-23 14:42:07,dc:0e:96:bd:7d:10,94:65:9c:e5:7e:eb,23.58.93.72,192.168.0.23,TCP,443,65292,A
2023-08-23 14:42:07,dc:0e:96:bd:7d:10,94:65:9c:e5:7e:eb,23.58.93.72,192.168.0.23,TCP,443,65292,PA
2023-08-23 14:42:07,dc:0e:96:bd:7d:10,94:65:9c:e5:7e:eb,23.58.93.72,192.168.0.23,TCP,443,65292,A
2023-08-23 14:42:07,94:65:9c:e5:7e:eb,dc:0e:96:bd:7d:10,192.168.0.23,23.58.93.72,TCP,65292,443,A
2023-08-23 14:42:07,dc:0e:96:bd:7d:10,94:65:9c:e5:7e:eb,23.58.93.72,192.168.0.23,TCP,443,65292,A
2023-08-23 14:42:07,dc:0e:96:bd:7d:10,94:65:9c:e5:7e:eb,23.58.93.72,192.168.0.23,TCP,443,65292,A
2023-08-23 14:42:07,dc:0e:96:bd:7d:10,94:65:9c:e5:7e:eb,23.58.93.72,192.168.0.23,TCP,443,65292,A
2023-08-23 14:42:07,dc:0e:96:bd:7d:10,94:65:9c:e5:7e:eb,23.58.93.72,192.168.0.23,TCP,443,65292,A
2023-08-23 14:42:07,dc:0e:96:bd:7d:10,94:65:9c:e5:7e:eb,23.58.93.72,192.168.0.23,TCP,443,65292,PA
2023-08-23 14:42:07,dc:0e:96:bd:7d:10,94:65:9c:e5:7e:eb,23.58.93.72,192.168.0.23,TCP,443,65292,A
2023-08-23 14:42:07,dc:0e:96:bd:7d:10,94:65:9c:e5:7e:eb,23.58.93.72,192.168.0.23,TCP,443,65292,A
2023-08-23 14:42:07,dc:0e:96:bd:7d:10,94:65:9c:e5:7e:eb,23.58.93.72,192.168.0.23,TCP,443,65292,A
2023-08-23 14:42:07,dc:0e:96:bd:7d:10,94:65:9c:e5:7e:eb,23.58.93.72,192.168.0.23,TCP,443,65292,PA
2023-08-23 14:42:07,dc:0e:96:bd:7d:10,94:65:9c:e5:7e:eb,23.58.93.72,192.168.0.23,TCP,443,65292,A
2023-08-23 14:42:07,94:65:9c:e5:7e:eb,dc:0e:96:bd:7d:10,192.168.0.23,23.58.93.72,TCP,65292,443,A
2023-08-23 14:42:07,dc:0e:96:bd:7d:10,94:65:9c:e5:7e:eb,23.58.93.72,192.168.0.23,TCP,443,65292,PA
2023-08-23 14:42:07,dc:0e:96:bd:7d:10,94:65:9c:e5:7e:eb,23.58.93.72,192.168.0.23,TCP,443,65292,A
2023-08-23 14:42:07,dc:0e:96:bd:7d:10,94:65:9c:e5:7e:eb,23.58.93.72,192.168.0.23,TCP,443,65292,A
2023-08-23 14:42:07,dc:0e:96:bd:7d:10,94:65:9c:e5:7e:eb,23.58.93.72,192.168.0.23,TCP,443,65292,A
2023-08-23 14:42:07,dc:0e:96:bd:7d:10,94:65:9c:e5:7e:eb,23.58.93.72,192.168.0.23,TCP,443,65292,PA
2023-08-23 14:42:07,dc:0e:96:bd:7d:10,94:65:9c:e5:7e:eb,23.58.93.72,192.168.0.23,TCP,443,65292,A
2023-08-23 14:42:07,94:65:9c:e5:7e:eb,dc:0e:96:bd:7d:10,192.168.0.23,23.58.93.72,TCP,65292,443,A
2023-08-23 14:42:07,b0:a4:60:64:d1:88,01:00:5e:00:00:fb,192.168.0.251,224.0.0.251,UDP,5353,5353,
2023-08-23 14:42:07,94:65:9c:e5:7e:eb,dc:0e:96:bd:7d:10,192.168.0.23,23.48.244.8,TCP,65289,443,PA
2023-08-23 14:42:07,dc:0e:96:bd:7d:10,94:65:9c:e5:7e:eb,23.48.244.8,192.168.0.23,TCP,443,65289,A
2023-08-23 14:42:07,dc:0e:96:bd:7d:10,94:65:9c:e5:7e:eb,23.48.244.8,192.168.0.23,TCP,443,65289,A
2023-08-23 14:42:07,94:65:9c:e5:7e:eb,dc:0e:96:bd:7d:10,192.168.0.23,23.48.244.8,TCP,65289,443,A
2023-08-23 14:42:07,dc:0e:96:bd:7d:10,94:65:9c:e5:7e:eb,23.48.244.8,192.168.0.23,TCP,443,65289,PA
2023-08-23 14:42:07,94:65:9c:e5:7e:eb,dc:0e:96:bd:7d:10,192.168.0.23,23.48.244.8,TCP,65289,443,A
2023-08-23 14:42:07,dc:0e:96:bd:7d:10,94:65:9c:e5:7e:eb,23.48.244.8,192.168.0.23,TCP,443,65289,A
2023-08-23 14:42:07,94:65:9c:e5:7e:eb,dc:0e:96:bd:7d:10,192.168.0.23,23.48.244.8,TCP,65289,443,A
2023-08-23 14:42:07,dc:0e:96:bd:7d:10,94:65:9c:e5:7e:eb,23.48.244.8,192.168.0.23,TCP,443,65289,PA
2023-08-23 14:42:07,94:65:9c:e5:7e:eb,dc:0e:96:bd:7d:10,192.168.0.23,23.48.244.8,TCP,65289,443,A
2023-08-23 14:42:07,dc:0e:96:bd:7d:10,94:65:9c:e5:7e:eb,23.48.244.8,192.168.0.23,TCP,443,65289,PA
2023-08-23 14:42:07,dc:0e:96:bd:7d:10,94:65:9c:e5:7e:eb,23.48.244.8,192.168.0.23,TCP,443,65289,A
2023-08-23 14:42:07,94:65:9c:e5:7e:eb,dc:0e:96:bd:7d:10,192.168.0.23,23.48.244.8,TCP,65289,443,A
2023-08-23 14:42:07,dc:0e:96:bd:7d:10,94:65:9c:e5:7e:eb,23.48.244.8,192.168.0.23,TCP,443,65289,PA
2023-08-23 14:42:07,94:65:9c:e5:7e:eb,dc:0e:96:bd:7d:10,192.168.0.23,23.48.244.8,TCP,65289,443,A
2023-08-23 14:42:07,94:65:9c:e5:7e:eb,dc:0e:96:bd:7d:10,192.168.0.23,182.79.253.154,TCP,65278,443,A
2023-08-23 14:42:07,dc:0e:96:bd:7d:10,94:65:9c:e5:7e:eb,182.79.253.154,192.168.0.23,TCP,443,65278,A
2023-08-23 14:42:07,94:65:9c:e5:7e:eb,dc:0e:96:bd:7d:10,192.168.0.23,23.15.35.26,TCP,65294,443,S
2023-08-23 14:42:07,dc:0e:96:bd:7d:10,94:65:9c:e5:7e:eb,23.15.35.26,192.168.0.23,TCP,443,65294,SA
2023-08-23 14:42:07,94:65:9c:e5:7e:eb,dc:0e:96:bd:7d:10,192.168.0.23,23.15.35.26,TCP,65294,443,A
2023-08-23 14:42:07,94:65:9c:e5:7e:eb,dc:0e:96:bd:7d:10,192.168.0.23,23.15.35.26,TCP,65294,443,PA
2023-08-23 14:42:07,94:65:9c:e5:7e:eb,dc:0e:96:bd:7d:10,192.168.0.23,23.58.93.72,TCP,65292,443,PA
2023-08-23 14:42:07,dc:0e:96:bd:7d:10,94:65:9c:e5:7e:eb,23.58.93.72,192.168.0.23,TCP,443,65292,A
2023-08-23 14:42:07,dc:0e:96:bd:7d:10,94:65:9c:e5:7e:eb,23.15.35.26,192.168.0.23,TCP,443,65294,PA
2023-08-23 14:42:07,dc:0e:96:bd:7d:10,94:65:9c:e5:7e:eb,23.15.35.26,192.168.0.23,TCP,443,65294,PA
2023-08-23 14:42:07,dc:0e:96:bd:7d:10,94:65:9c:e5:7e:eb,23.15.35.26,192.168.0.23,TCP,443,65294,A
2023-08-23 14:42:07,dc:0e:96:bd:7d:10,94:65:9c:e5:7e:eb,23.15.35.26,192.168.0.23,TCP,443,65294,A
2023-08-23 14:42:07,94:65:9c:e5:7e:eb,dc:0e:96:bd:7d:10,192.168.0.23,23.15.35.26,TCP,65294,443,A
2023-08-23 14:42:07,94:65:9c:e5:7e:eb,dc:0e:96:bd:7d:10,192.168.0.23,23.15.35.26,TCP,65294,443,PA
2023-08-23 14:42:07,94:65:9c:e5:7e:eb,dc:0e:96:bd:7d:10,192.168.0.23,23.15.35.26,TCP,65294,443,PA
2023-08-23 14:42:07,94:65:9c:e5:7e:eb,dc:0e:96:bd:7d:10,192.168.0.23,23.15.35.26,TCP,65294,443,PA
2023-08-23 14:42:07,dc:0e:96:bd:7d:10,94:65:9c:e5:7e:eb,23.15.35.26,192.168.0.23,TCP,443,65294,A
2023-08-23 14:42:07,dc:0e:96:bd:7d:10,94:65:9c:e5:7e:eb,23.15.35.26,192.168.0.23,TCP,443,65294,A
2023-08-23 14:42:07,dc:0e:96:bd:7d:10,94:65:9c:e5:7e:eb,23.15.35.26,192.168.0.23,TCP,443,65294,A
2023-08-23 14:42:07,dc:0e:96:bd:7d:10,94:65:9c:e5:7e:eb,23.15.35.26,192.168.0.23,TCP,443,65294,PA
2023-08-23 14:42:07,94:65:9c:e5:7e:eb,dc:0e:96:bd:7d:10,192.168.0.23,23.15.35.26,TCP,65294,443,A
2023-08-23 14:42:07,dc:0e:96:bd:7d:10,94:65:9c:e5:7e:eb,23.15.35.26,192.168.0.23,TCP,443,65294,PA
2023-08-23 14:42:07,dc:0e:96:bd:7d:10,94:65:9c:e5:7e:eb,23.15.35.26,192.168.0.23,TCP,443,65294,PA
2023-08-23 14:42:07,dc:0e:96:bd:7d:10,94:65:9c:e5:7e:eb,23.15.35.26,192.168.0.23,TCP,443,65294,PA
2023-08-23 14:42:07,dc:0e:96:bd:7d:10,94:65:9c:e5:7e:eb,23.15.35.26,192.168.0.23,TCP,443,65294,PA
2023-08-23 14:42:07,94:65:9c:e5:7e:eb,dc:0e:96:bd:7d:10,192.168.0.23,23.15.35.26,TCP,65294,443,A
2023-08-23 14:42:07,94:65:9c:e5:7e:eb,dc:0e:96:bd:7d:10,192.168.0.23,23.15.35.26,TCP,65294,443,PA
2023-08-23 14:42:07,dc:0e:96:bd:7d:10,94:65:9c:e5:7e:eb,23.15.35.26,192.168.0.23,TCP,443,65294,A
2023-08-23 14:42:07,dc:0e:96:bd:7d:10,94:65:9c:e5:7e:eb,23.58.93.72,192.168.0.23,TCP,443,65292,PA
2023-08-23 14:42:07,dc:0e:96:bd:7d:10,94:65:9c:e5:7e:eb,23.58.93.72,192.168.0.23,TCP,443,65292,A
2023-08-23 14:42:07,dc:0e:96:bd:7d:10,94:65:9c:e5:7e:eb,23.58.93.72,192.168.0.23,TCP,443,65292,A
2023-08-23 14:42:07,dc:0e:96:bd:7d:10,94:65:9c:e5:7e:eb,23.58.93.72,192.168.0.23,TCP,443,65292,A
2023-08-23 14:42:07,dc:0e:96:bd:7d:10,94:65:9c:e5:7e:eb,23.58.93.72,192.168.0.23,TCP,443,65292,PA
2023-08-23 14:42:07,94:65:9c:e5:7e:eb,dc:0e:96:bd:7d:10,192.168.0.23,23.58.93.72,TCP,65292,443,A
2023-08-23 14:42:07,94:65:9c:e5:7e:eb,dc:0e:96:bd:7d:10,192.168.0.23,23.58.93.72,TCP,65292,443,PA
2023-08-23 14:42:07,dc:0e:96:bd:7d:10,94:65:9c:e5:7e:eb,23.58.93.72,192.168.0.23,TCP,443,65292,A
2023-08-23 14:42:07,dc:0e:96:bd:7d:10,94:65:9c:e5:7e:eb,23.58.93.72,192.168.0.23,TCP,443,65292,PA
2023-08-23 14:42:07,dc:0e:96:bd:7d:10,94:65:9c:e5:7e:eb,23.58.93.72,192.168.0.23,TCP,443,65292,A
2023-08-23 14:42:07,dc:0e:96:bd:7d:10,94:65:9c:e5:7e:eb,23.58.93.72,192.168.0.23,TCP,443,65292,A
2023-08-23 14:42:07,dc:0e:96:bd:7d:10,94:65:9c:e5:7e:eb,23.58.93.72,192.168.0.23,TCP,443,65292,PA
2023-08-23 14:42:07,94:65:9c:e5:7e:eb,dc:0e:96:bd:7d:10,192.168.0.23,23.58.93.72,TCP,65292,443,A
2023-08-23 14:42:07,94:65:9c:e5:7e:eb,dc:0e:96:bd:7d:10,192.168.0.23,23.15.35.26,TCP,64571,443,FA
2023-08-23 14:42:07,94:65:9c:e5:7e:eb,dc:0e:96:bd:7d:10,192.168.0.23,23.58.93.72,TCP,64570,443,FA
2023-08-23 14:42:07,94:65:9c:e5:7e:eb,dc:0e:96:bd:7d:10,192.168.0.23,23.48.244.8,TCP,64568,443,FA
2023-08-23 14:42:07,94:65:9c:e5:7e:eb,dc:0e:96:bd:7d:10,192.168.0.23,23.48.244.8,TCP,64567,443,FA
2023-08-23 14:42:07,94:65:9c:e5:7e:eb,dc:0e:96:bd:7d:10,192.168.0.23,23.58.93.72,TCP,64569,443,FA
2023-08-23 14:42:07,1c:bf:c0:e3:d1:61,ff:ff:ff:ff:ff:ff,192.168.0.254,192.168.0.255,UDP,138,138,
2023-08-23 14:42:08,00:18:ae:ec:8b:aa,01:00:5e:7f:ff:fa,192.168.0.10,239.255.255.250,UDP,34455,3702,
2023-08-23 14:42:08,00:18:ae:ec:8b:aa,01:00:5e:7f:ff:fa,192.168.0.10,239.255.255.250,UDP,37020,37020,
2023-08-23 14:42:09,b0:a4:60:64:d1:88,01:00:5e:00:00:fb,192.168.0.251,224.0.0.251,UDP,5353,5353,
2023-08-23 14:42:10,94:65:9c:e5:7e:eb,dc:0e:96:bd:7d:10,192.168.0.23,23.58.93.72,TCP,64570,443,FA
2023-08-23 14:42:10,94:65:9c:e5:7e:eb,dc:0e:96:bd:7d:10,192.168.0.23,23.15.35.26,TCP,64571,443,FA
2023-08-23 14:42:10,94:65:9c:e5:7e:eb,dc:0e:96:bd:7d:10,192.168.0.23,23.48.244.8,TCP,64568,443,FA
2023-08-23 14:42:10,94:65:9c:e5:7e:eb,dc:0e:96:bd:7d:10,192.168.0.23,23.48.244.8,TCP,64567,443,FA
2023-08-23 14:42:10,94:65:9c:e5:7e:eb,dc:0e:96:bd:7d:10,192.168.0.23,23.58.93.72,TCP,64569,443,FA
2023-08-23 14:42:11,34:02:86:5a:9d:26,01:00:5e:7f:ff:fa,192.168.0.167,239.255.255.250,UDP,62107,1900,
2023-08-23 14:42:12,34:02:86:5a:9d:26,01:00:5e:7f:ff:fa,192.168.0.167,239.255.255.250,UDP,62107,1900,
2023-08-23 14:42:12,00:18:ae:ec:8b:aa,01:00:5e:7f:ff:fa,192.168.0.10,239.255.255.250,UDP,34455,3702,
2023-08-23 14:42:12,16:83:d5:17:c8:d3,01:00:5e:00:00:fb,192.168.0.105,224.0.0.251,UDP,5353,5353,
2023-08-23 14:42:13,34:02:86:5a:9d:26,01:00:5e:7f:ff:fa,192.168.0.167,239.255.255.250,UDP,62107,1900,
2023-08-23 14:42:14,16:83:d5:17:c8:d3,01:00:5e:00:00:fb,192.168.0.105,224.0.0.251,UDP,5353,5353,
2023-08-23 14:42:14,34:02:86:5a:9d:26,01:00:5e:7f:ff:fa,192.168.0.167,239.255.255.250,UDP,62107,1900,
2023-08-23 14:42:14,e8:5a:8b:65:48:c7,01:00:5e:00:00:fb,192.168.0.142,224.0.0.251,UDP,5353,5353,
2023-08-23 14:42:14,00:18:ae:ec:8b:aa,01:00:5e:7f:ff:fa,192.168.0.10,239.255.255.250,UDP,37020,37020,
2023-08-23 14:42:14,b0:a4:60:66:bb:33,01:00:5e:00:00:fb,192.168.0.246,224.0.0.251,UDP,5353,5353,
2023-08-23 14:42:15,94:65:9c:e5:7e:eb,dc:0e:96:bd:7d:10,192.168.0.23,23.15.35.26,TCP,64571,443,FA
2023-08-23 14:42:15,94:65:9c:e5:7e:eb,dc:0e:96:bd:7d:10,192.168.0.23,23.58.93.72,TCP,64570,443,FA
2023-08-23 14:42:15,94:65:9c:e5:7e:eb,dc:0e:96:bd:7d:10,192.168.0.23,23.48.244.8,TCP,64568,443,FA
2023-08-23 14:42:15,94:65:9c:e5:7e:eb,dc:0e:96:bd:7d:10,192.168.0.23,23.48.244.8,TCP,64567,443,FA
2023-08-23 14:42:15,94:65:9c:e5:7e:eb,dc:0e:96:bd:7d:10,192.168.0.23,23.58.93.72,TCP,64569,443,FA
2023-08-23 14:42:15,b0:a4:60:66:bb:33,01:00:5e:00:00:fb,192.168.0.246,224.0.0.251,UDP,5353,5353,
2023-08-23 14:42:15,9e:7a:41:f3:73:ba,01:00:5e:00:00:fb,192.168.0.133,224.0.0.251,UDP,5353,5353,
2023-08-23 14:42:16,16:83:d5:17:c8:d3,01:00:5e:00:00:fb,192.168.0.105,224.0.0.251,UDP,5353,5353,
2023-08-23 14:42:16,00:18:ae:ec:8b:aa,01:00:5e:7f:ff:fa,192.168.0.10,239.255.255.250,UDP,34455,3702,
2023-08-23 14:42:19,e4:54:e8:da:97:c1,01:00:5e:7f:ff:fa,192.168.0.68,239.255.255.250,UDP,51294,1900,
2023-08-23 14:42:20,dc:0e:96:bd:7d:10,94:65:9c:e5:7e:eb,35.169.70.174,192.168.0.23,TCP,443,65283,FA
2023-08-23 14:42:20,dc:0e:96:bd:7d:10,94:65:9c:e5:7e:eb,35.169.70.174,192.168.0.23,TCP,443,65283,PA
2023-08-23 14:42:20,dc:0e:96:bd:7d:10,94:65:9c:e5:7e:eb,35.169.70.174,192.168.0.23,TCP,443,65283,PA
2023-08-23 14:42:20,94:65:9c:e5:7e:eb,dc:0e:96:bd:7d:10,192.168.0.23,35.169.70.174,TCP,65283,443,A
2023-08-23 14:42:20,e4:54:e8:da:97:c1,01:00:5e:7f:ff:fa,192.168.0.68,239.255.255.250,UDP,51294,1900,
2023-08-23 14:42:20,dc:0e:96:bd:7d:10,94:65:9c:e5:7e:eb,35.169.70.174,192.168.0.23,TCP,443,65282,FA
2023-08-23 14:42:20,dc:0e:96:bd:7d:10,94:65:9c:e5:7e:eb,35.169.70.174,192.168.0.23,TCP,443,65282,PA
2023-08-23 14:42:20,dc:0e:96:bd:7d:10,94:65:9c:e5:7e:eb,35.169.70.174,192.168.0.23,TCP,443,65282,PA
2023-08-23 14:42:20,94:65:9c:e5:7e:eb,dc:0e:96:bd:7d:10,192.168.0.23,35.169.70.174,TCP,65282,443,A
2023-08-23 14:42:20,94:65:9c:e5:7e:eb,dc:0e:96:bd:7d:10,192.168.0.23,35.169.70.174,TCP,65282,443,FA
2023-08-23 14:42:20,1c:bf:c0:c6:bb:73,01:00:5e:7f:ff:fa,192.168.0.36,239.255.255.250,UDP,50546,1900,
2023-08-23 14:42:20,dc:0e:96:bd:7d:10,94:65:9c:e5:7e:eb,35.169.70.174,192.168.0.23,TCP,443,65282,A
2023-08-23 14:42:20,00:18:ae:ec:8b:aa,01:00:5e:7f:ff:fa,192.168.0.10,239.255.255.250,UDP,37020,37020,
2023-08-23 14:42:20,00:18:ae:ec:8b:aa,01:00:5e:7f:ff:fa,192.168.0.10,239.255.255.250,UDP,34455,3702,
2023-08-23 14:42:21,e4:54:e8:da:97:c1,01:00:5e:7f:ff:fa,192.168.0.68,239.255.255.250,UDP,51294,1900,
2023-08-23 14:42:21,b0:a4:60:66:bb:33,01:00:5e:7f:ff:fa,192.168.0.246,239.255.255.250,UDP,55599,1900,
2023-08-23 14:42:21,1c:bf:c0:c6:bb:73,01:00:5e:7f:ff:fa,192.168.0.36,239.255.255.250,UDP,50546,1900,
2023-08-23 14:42:21,00:18:ae:ec:8b:aa,01:00:5e:7f:ff:fa,192.168.0.10,239.255.255.250,UDP,57104,1900,
2023-08-23 14:42:21,00:18:ae:ec:8b:aa,01:00:5e:7f:ff:fa,192.168.0.10,239.255.255.250,UDP,57104,1900,
2023-08-23 14:42:21,00:18:ae:ec:8b:aa,01:00:5e:7f:ff:fa,192.168.0.10,239.255.255.250,UDP,57104,1900,
2023-08-23 14:42:21,00:18:ae:ec:8b:aa,01:00:5e:7f:ff:fa,192.168.0.10,239.255.255.250,UDP,57283,1900,
2023-08-23 14:42:21,00:18:ae:ec:8b:aa,01:00:5e:7f:ff:fa,192.168.0.10,239.255.255.250,UDP,36830,1900,
2023-08-23 14:42:21,00:18:ae:ec:8b:aa,01:00:5e:7f:ff:fa,192.168.0.10,239.255.255.250,UDP,36830,1900,
2023-08-23 14:42:21,00:18:ae:ec:8b:aa,01:00:5e:7f:ff:fa,192.168.0.10,239.255.255.250,UDP,36830,1900,
2023-08-23 14:42:21,00:18:ae:ec:8b:aa,01:00:5e:7f:ff:fa,192.168.0.10,239.255.255.250,UDP,39891,1900,
2023-08-23 14:42:22,e4:54:e8:da:97:c1,01:00:5e:7f:ff:fa,192.168.0.68,239.255.255.250,UDP,51294,1900,
2023-08-23 14:42:22,b0:a4:60:66:bb:33,01:00:5e:7f:ff:fa,192.168.0.246,239.255.255.250,UDP,55599,1900,
2023-08-23 14:42:22,1c:bf:c0:c6:bb:73,01:00:5e:7f:ff:fa,192.168.0.36,239.255.255.250,UDP,50546,1900,
2023-08-23 14:42:22,b0:a4:60:66:bb:33,ff:ff:ff:ff:ff:ff,192.168.0.246,192.168.0.255,UDP,138,138,
2023-08-23 14:42:23,b0:a4:60:66:bb:33,01:00:5e:7f:ff:fa,192.168.0.246,239.255.255.250,UDP,55599,1900,
2023-08-23 14:42:23,1c:bf:c0:c6:bb:73,01:00:5e:7f:ff:fa,192.168.0.36,239.255.255.250,UDP,50546,1900,
2023-08-23 14:42:24,b0:a4:60:66:bb:33,01:00:5e:7f:ff:fa,192.168.0.246,239.255.255.250,UDP,55599,1900,
2023-08-23 14:42:24,94:65:9c:e5:7e:eb,dc:0e:96:bd:7d:10,192.168.0.23,23.15.35.26,TCP,64571,443,RA
2023-08-23 14:42:24,94:65:9c:e5:7e:eb,dc:0e:96:bd:7d:10,192.168.0.23,23.58.93.72,TCP,64570,443,RA
2023-08-23 14:42:24,94:65:9c:e5:7e:eb,dc:0e:96:bd:7d:10,192.168.0.23,23.48.244.8,TCP,64568,443,RA
2023-08-23 14:42:24,94:65:9c:e5:7e:eb,dc:0e:96:bd:7d:10,192.168.0.23,23.48.244.8,TCP,64567,443,RA
2023-08-23 14:42:24,94:65:9c:e5:7e:eb,dc:0e:96:bd:7d:10,192.168.0.23,23.58.93.72,TCP,64569,443,RA
2023-08-23 14:42:25,00:18:ae:ec:8b:aa,01:00:5e:7f:ff:fa,192.168.0.10,239.255.255.250,UDP,34455,3702,
2023-08-23 14:42:25,b0:a4:60:64:d1:88,01:00:5e:00:00:fb,192.168.0.251,224.0.0.251,UDP,5353,5353,
2023-08-23 14:42:26,dc:0e:96:bd:7d:10,94:65:9c:e5:7e:eb,23.48.244.8,192.168.0.23,TCP,443,65290,FA
2023-08-23 14:42:26,dc:0e:96:bd:7d:10,94:65:9c:e5:7e:eb,23.48.244.8,192.168.0.23,TCP,443,65290,PA
2023-08-23 14:42:26,94:65:9c:e5:7e:eb,dc:0e:96:bd:7d:10,192.168.0.23,23.48.244.8,TCP,65290,443,A
2023-08-23 14:42:26,dc:0e:96:bd:7d:10,94:65:9c:e5:7e:eb,23.48.244.8,192.168.0.23,TCP,443,65291,PA
2023-08-23 14:42:26,94:65:9c:e5:7e:eb,dc:0e:96:bd:7d:10,192.168.0.23,23.48.244.8,TCP,65291,443,A
2023-08-23 14:42:26,dc:0e:96:bd:7d:10,94:65:9c:e5:7e:eb,23.48.244.8,192.168.0.23,TCP,443,65291,FA
2023-08-23 14:42:26,94:65:9c:e5:7e:eb,dc:0e:96:bd:7d:10,192.168.0.23,23.48.244.8,TCP,65291,443,A
2023-08-23 14:42:26,dc:0e:96:bd:7d:10,94:65:9c:e5:7e:eb,23.58.93.72,192.168.0.23,TCP,443,65293,FA
2023-08-23 14:42:26,dc:0e:96:bd:7d:10,94:65:9c:e5:7e:eb,23.58.93.72,192.168.0.23,TCP,443,65293,PA
2023-08-23 14:42:26,94:65:9c:e5:7e:eb,dc:0e:96:bd:7d:10,192.168.0.23,23.58.93.72,TCP,65293,443,A
2023-08-23 14:42:26,94:65:9c:e5:7e:eb,dc:0e:96:bd:7d:10,192.168.0.23,35.186.224.47,TCP,65134,443,PA
2023-08-23 14:42:26,dc:0e:96:bd:7d:10,94:65:9c:e5:7e:eb,35.186.224.47,192.168.0.23,TCP,443,65134,A
2023-08-23 14:42:26,94:65:9c:e5:7e:eb,dc:0e:96:bd:7d:10,192.168.0.23,8.8.8.8,UDP,52755,53,
2023-08-23 14:42:26,94:65:9c:e5:7e:eb,dc:0e:96:bd:7d:10,192.168.0.23,8.8.8.8,UDP,65159,53,
2023-08-23 14:42:26,dc:0e:96:bd:7d:10,94:65:9c:e5:7e:eb,8.8.8.8,192.168.0.23,UDP,53,52755,
2023-08-23 14:42:26,dc:0e:96:bd:7d:10,94:65:9c:e5:7e:eb,8.8.8.8,192.168.0.23,UDP,53,65159,
2023-08-23 14:42:26,94:65:9c:e5:7e:eb,dc:0e:96:bd:7d:10,192.168.0.23,8.8.8.8,UDP,51023,443,
2023-08-23 14:42:26,94:65:9c:e5:7e:eb,dc:0e:96:bd:7d:10,192.168.0.23,8.8.8.8,UDP,51023,443,
2023-08-23 14:42:26,94:65:9c:e5:7e:eb,dc:0e:96:bd:7d:10,192.168.0.23,8.8.8.8,UDP,51023,443,
2023-08-23 14:42:26,94:65:9c:e5:7e:eb,dc:0e:96:bd:7d:10,192.168.0.23,8.8.8.8,UDP,51023,443,
2023-08-23 14:42:26,94:65:9c:e5:7e:eb,dc:0e:96:bd:7d:10,192.168.0.23,8.8.8.8,UDP,51023,443,
2023-08-23 14:42:26,94:65:9c:e5:7e:eb,dc:0e:96:bd:7d:10,192.168.0.23,8.8.8.8,UDP,51023,443,
2023-08-23 14:42:26,dc:0e:96:bd:7d:10,94:65:9c:e5:7e:eb,8.8.8.8,192.168.0.23,UDP,443,51023,
2023-08-23 14:42:26,94:65:9c:e5:7e:eb,dc:0e:96:bd:7d:10,192.168.0.23,8.8.8.8,UDP,51023,443,
2023-08-23 14:42:26,dc:0e:96:bd:7d:10,94:65:9c:e5:7e:eb,8.8.8.8,192.168.0.23,UDP,443,51023,
2023-08-23 14:42:26,dc:0e:96:bd:7d:10,94:65:9c:e5:7e:eb,8.8.8.8,192.168.0.23,UDP,443,51023,
2023-08-23 14:42:26,94:65:9c:e5:7e:eb,dc:0e:96:bd:7d:10,192.168.0.23,8.8.8.8,UDP,51023,443,
2023-08-23 14:42:26,94:65:9c:e5:7e:eb,dc:0e:96:bd:7d:10,192.168.0.23,8.8.8.8,UDP,51023,443,
2023-08-23 14:42:26,dc:0e:96:bd:7d:10,94:65:9c:e5:7e:eb,8.8.8.8,192.168.0.23,UDP,443,51023,
2023-08-23 14:42:26,dc:0e:96:bd:7d:10,94:65:9c:e5:7e:eb,8.8.8.8,192.168.0.23,UDP,443,51023,
2023-08-23 14:42:26,dc:0e:96:bd:7d:10,94:65:9c:e5:7e:eb,8.8.8.8,192.168.0.23,UDP,443,51023,
2023-08-23 14:42:26,94:65:9c:e5:7e:eb,dc:0e:96:bd:7d:10,192.168.0.23,8.8.8.8,UDP,51023,443,
2023-08-23 14:42:26,dc:0e:96:bd:7d:10,94:65:9c:e5:7e:eb,8.8.8.8,192.168.0.23,UDP,443,51023,
2023-08-23 14:42:26,94:65:9c:e5:7e:eb,dc:0e:96:bd:7d:10,192.168.0.23,8.8.8.8,UDP,51023,443,
2023-08-23 14:42:26,dc:0e:96:bd:7d:10,94:65:9c:e5:7e:eb,8.8.8.8,192.168.0.23,UDP,443,51023,
2023-08-23 14:42:26,dc:0e:96:bd:7d:10,94:65:9c:e5:7e:eb,8.8.8.8,192.168.0.23,UDP,443,51023,
2023-08-23 14:42:26,dc:0e:96:bd:7d:10,94:65:9c:e5:7e:eb,8.8.8.8,192.168.0.23,UDP,443,51023,
2023-08-23 14:42:26,94:65:9c:e5:7e:eb,dc:0e:96:bd:7d:10,192.168.0.23,8.8.8.8,UDP,51023,443,
2023-08-23 14:42:26,dc:0e:96:bd:7d:10,94:65:9c:e5:7e:eb,8.8.8.8,192.168.0.23,UDP,443,51023,
2023-08-23 14:42:26,94:65:9c:e5:7e:eb,dc:0e:96:bd:7d:10,192.168.0.23,8.8.8.8,UDP,51023,443,
2023-08-23 14:42:26,dc:0e:96:bd:7d:10,94:65:9c:e5:7e:eb,8.8.8.8,192.168.0.23,UDP,443,51023,
2023-08-23 14:42:26,94:65:9c:e5:7e:eb,dc:0e:96:bd:7d:10,192.168.0.23,8.8.8.8,UDP,51023,443,
2023-08-23 14:42:26,94:65:9c:e5:7e:eb,dc:0e:96:bd:7d:10,192.168.0.23,8.8.8.8,UDP,51023,443,
2023-08-23 14:42:26,94:65:9c:e5:7e:eb,dc:0e:96:bd:7d:10,192.168.0.23,35.186.224.25,UDP,53493,443,
2023-08-23 14:42:26,dc:0e:96:bd:7d:10,94:65:9c:e5:7e:eb,8.8.8.8,192.168.0.23,UDP,443,51023,
2023-08-23 14:42:26,94:65:9c:e5:7e:eb,dc:0e:96:bd:7d:10,192.168.0.23,8.8.8.8,UDP,51023,443,
2023-08-23 14:42:26,dc:0e:96:bd:7d:10,94:65:9c:e5:7e:eb,8.8.8.8,192.168.0.23,UDP,443,51023,
2023-08-23 14:42:26,dc:0e:96:bd:7d:10,94:65:9c:e5:7e:eb,8.8.8.8,192.168.0.23,UDP,443,51023,
2023-08-23 14:42:26,dc:0e:96:bd:7d:10,94:65:9c:e5:7e:eb,35.186.224.47,192.168.0.23,TCP,443,65134,PA
2023-08-23 14:42:26,94:65:9c:e5:7e:eb,dc:0e:96:bd:7d:10,192.168.0.23,8.8.8.8,UDP,51023,443,
2023-08-23 14:42:26,94:65:9c:e5:7e:eb,dc:0e:96:bd:7d:10,192.168.0.23,8.8.8.8,UDP,51023,443,
2023-08-23 14:42:26,94:65:9c:e5:7e:eb,dc:0e:96:bd:7d:10,192.168.0.23,35.186.224.25,UDP,57635,443,
2023-08-23 14:42:26,dc:0e:96:bd:7d:10,94:65:9c:e5:7e:eb,8.8.8.8,192.168.0.23,UDP,443,51023,
2023-08-23 14:42:26,dc:0e:96:bd:7d:10,94:65:9c:e5:7e:eb,8.8.8.8,192.168.0.23,UDP,443,51023,
2023-08-23 14:42:26,94:65:9c:e5:7e:eb,dc:0e:96:bd:7d:10,192.168.0.23,8.8.8.8,UDP,51023,443,
2023-08-23 14:42:26,dc:0e:96:bd:7d:10,94:65:9c:e5:7e:eb,8.8.8.8,192.168.0.23,UDP,443,51023,
2023-08-23 14:42:26,dc:0e:96:bd:7d:10,94:65:9c:e5:7e:eb,35.186.224.25,192.168.0.23,UDP,443,53493,
2023-08-23 14:42:26,94:65:9c:e5:7e:eb,dc:0e:96:bd:7d:10,192.168.0.23,35.169.70.174,TCP,65283,443,FA
2023-08-23 14:42:26,94:65:9c:e5:7e:eb,dc:0e:96:bd:7d:10,192.168.0.23,35.169.70.174,TCP,65283,443,RA
2023-08-23 14:42:26,94:65:9c:e5:7e:eb,dc:0e:96:bd:7d:10,192.168.0.23,35.186.224.25,TCP,65295,443,S
2023-08-23 14:42:26,dc:0e:96:bd:7d:10,94:65:9c:e5:7e:eb,35.186.224.25,192.168.0.23,TCP,443,65295,SA
2023-08-23 14:42:26,94:65:9c:e5:7e:eb,dc:0e:96:bd:7d:10,192.168.0.23,35.186.224.25,TCP,65295,443,A
2023-08-23 14:42:26,94:65:9c:e5:7e:eb,dc:0e:96:bd:7d:10,192.168.0.23,35.186.224.25,TCP,65295,443,PA
2023-08-23 14:42:26,dc:0e:96:bd:7d:10,94:65:9c:e5:7e:eb,35.186.224.25,192.168.0.23,UDP,443,57635,
2023-08-23 14:42:26,00:18:ae:ec:8b:aa,01:00:5e:7f:ff:fa,192.168.0.10,239.255.255.250,UDP,37020,37020,
2023-08-23 14:42:26,94:65:9c:e5:7e:eb,dc:0e:96:bd:7d:10,192.168.0.23,35.186.224.47,TCP,65134,443,A
2023-08-23 14:42:26,dc:0e:96:bd:7d:10,94:65:9c:e5:7e:eb,35.186.224.25,192.168.0.23,TCP,443,65295,A
2023-08-23 14:42:26,94:65:9c:e5:7e:eb,dc:0e:96:bd:7d:10,192.168.0.23,35.186.224.25,TCP,65296,443,S
2023-08-23 14:42:26,dc:0e:96:bd:7d:10,94:65:9c:e5:7e:eb,35.186.224.25,192.168.0.23,UDP,443,53493,
2023-08-23 14:42:26,94:65:9c:e5:7e:eb,dc:0e:96:bd:7d:10,192.168.0.23,35.186.224.25,UDP,53493,443,
2023-08-23 14:42:26,94:65:9c:e5:7e:eb,dc:0e:96:bd:7d:10,192.168.0.23,35.186.224.25,UDP,53493,443,
2023-08-23 14:42:26,94:65:9c:e5:7e:eb,dc:0e:96:bd:7d:10,192.168.0.23,35.186.224.25,UDP,53493,443,
2023-08-23 14:42:26,94:65:9c:e5:7e:eb,dc:0e:96:bd:7d:10,192.168.0.23,35.186.224.25,UDP,53493,443,
2023-08-23 14:42:26,94:65:9c:e5:7e:eb,dc:0e:96:bd:7d:10,192.168.0.23,35.186.224.25,UDP,53493,443,
2023-08-23 14:42:26,dc:0e:96:bd:7d:10,94:65:9c:e5:7e:eb,35.186.224.25,192.168.0.23,TCP,443,65296,SA
2023-08-23 14:42:26,94:65:9c:e5:7e:eb,dc:0e:96:bd:7d:10,192.168.0.23,35.186.224.25,TCP,65296,443,A
2023-08-23 14:42:26,94:65:9c:e5:7e:eb,dc:0e:96:bd:7d:10,192.168.0.23,35.186.224.25,TCP,65296,443,PA
2023-08-23 14:42:26,dc:0e:96:bd:7d:10,94:65:9c:e5:7e:eb,35.186.224.25,192.168.0.23,UDP,443,53493,
2023-08-23 14:42:26,dc:0e:96:bd:7d:10,94:65:9c:e5:7e:eb,35.186.224.25,192.168.0.23,UDP,443,53493,
2023-08-23 14:42:26,94:65:9c:e5:7e:eb,dc:0e:96:bd:7d:10,192.168.0.23,35.186.224.25,UDP,53493,443,
2023-08-23 14:42:26,dc:0e:96:bd:7d:10,94:65:9c:e5:7e:eb,35.186.224.25,192.168.0.23,UDP,443,53493,
2023-08-23 14:42:26,dc:0e:96:bd:7d:10,94:65:9c:e5:7e:eb,35.186.224.25,192.168.0.23,UDP,443,53493,
2023-08-23 14:42:26,dc:0e:96:bd:7d:10,94:65:9c:e5:7e:eb,35.186.224.25,192.168.0.23,UDP,443,53493,
2023-08-23 14:42:26,dc:0e:96:bd:7d:10,94:65:9c:e5:7e:eb,35.186.224.25,192.168.0.23,UDP,443,53493,
2023-08-23 14:42:26,94:65:9c:e5:7e:eb,dc:0e:96:bd:7d:10,192.168.0.23,35.186.224.25,UDP,53493,443,
2023-08-23 14:42:26,dc:0e:96:bd:7d:10,94:65:9c:e5:7e:eb,35.186.224.25,192.168.0.23,UDP,443,57635,
2023-08-23 14:42:26,dc:0e:96:bd:7d:10,94:65:9c:e5:7e:eb,35.186.224.25,192.168.0.23,TCP,443,65296,A
2023-08-23 14:42:26,94:65:9c:e5:7e:eb,dc:0e:96:bd:7d:10,192.168.0.23,35.186.224.25,UDP,57635,443,
2023-08-23 14:42:26,94:65:9c:e5:7e:eb,dc:0e:96:bd:7d:10,192.168.0.23,35.186.224.25,UDP,57635,443,
2023-08-23 14:42:26,dc:0e:96:bd:7d:10,94:65:9c:e5:7e:eb,35.186.224.25,192.168.0.23,UDP,443,57635,
2023-08-23 14:42:26,dc:0e:96:bd:7d:10,94:65:9c:e5:7e:eb,35.186.224.25,192.168.0.23,UDP,443,57635,
2023-08-23 14:42:26,dc:0e:96:bd:7d:10,94:65:9c:e5:7e:eb,35.186.224.25,192.168.0.23,UDP,443,57635,
2023-08-23 14:42:26,dc:0e:96:bd:7d:10,94:65:9c:e5:7e:eb,35.186.224.25,192.168.0.23,UDP,443,57635,
2023-08-23 14:42:26,94:65:9c:e5:7e:eb,dc:0e:96:bd:7d:10,192.168.0.23,35.186.224.25,UDP,57635,443,
2023-08-23 14:42:26,dc:0e:96:bd:7d:10,94:65:9c:e5:7e:eb,35.186.224.25,192.168.0.23,TCP,443,65295,PA
2023-08-23 14:42:26,94:65:9c:e5:7e:eb,dc:0e:96:bd:7d:10,192.168.0.23,35.186.224.25,TCP,65295,443,PA
2023-08-23 14:42:26,94:65:9c:e5:7e:eb,dc:0e:96:bd:7d:10,192.168.0.23,35.186.224.25,UDP,57635,443,
2023-08-23 14:42:26,dc:0e:96:bd:7d:10,94:65:9c:e5:7e:eb,35.186.224.25,192.168.0.23,TCP,443,65295,PA
2023-08-23 14:42:26,dc:0e:96:bd:7d:10,94:65:9c:e5:7e:eb,35.186.224.25,192.168.0.23,TCP,443,65295,A
2023-08-23 14:42:26,dc:0e:96:bd:7d:10,94:65:9c:e5:7e:eb,35.186.224.25,192.168.0.23,TCP,443,65296,PA
2023-08-23 14:42:26,94:65:9c:e5:7e:eb,dc:0e:96:bd:7d:10,192.168.0.23,35.186.224.25,TCP,65296,443,PA
2023-08-23 14:42:26,dc:0e:96:bd:7d:10,94:65:9c:e5:7e:eb,35.186.224.25,192.168.0.23,TCP,443,65296,PA
2023-08-23 14:42:26,dc:0e:96:bd:7d:10,94:65:9c:e5:7e:eb,35.186.224.25,192.168.0.23,TCP,443,65296,A
2023-08-23 14:42:26,94:65:9c:e5:7e:eb,dc:0e:96:bd:7d:10,192.168.0.23,35.186.224.25,TCP,65295,443,A
2023-08-23 14:42:26,94:65:9c:e5:7e:eb,dc:0e:96:bd:7d:10,192.168.0.23,35.186.224.25,TCP,65296,443,A
2023-08-23 14:42:26,dc:0e:96:bd:7d:10,94:65:9c:e5:7e:eb,35.186.224.25,192.168.0.23,UDP,443,53493,
2023-08-23 14:42:26,94:65:9c:e5:7e:eb,dc:0e:96:bd:7d:10,192.168.0.23,35.186.224.25,UDP,53493,443,
2023-08-23 14:42:26,dc:0e:96:bd:7d:10,94:65:9c:e5:7e:eb,35.186.224.25,192.168.0.23,UDP,443,53493,
2023-08-23 14:42:26,94:65:9c:e5:7e:eb,dc:0e:96:bd:7d:10,192.168.0.23,35.186.224.25,UDP,53493,443,
2023-08-23 14:42:26,dc:0e:96:bd:7d:10,94:65:9c:e5:7e:eb,35.169.70.174,192.168.0.23,TCP,443,65283,A
2023-08-23 14:42:27,dc:0e:96:bd:7d:10,94:65:9c:e5:7e:eb,35.186.224.25,192.168.0.23,UDP,443,53493,
2023-08-23 14:42:27,dc:0e:96:bd:7d:10,94:65:9c:e5:7e:eb,35.186.224.25,192.168.0.23,UDP,443,57635,
2023-08-23 14:42:27,94:65:9c:e5:7e:eb,dc:0e:96:bd:7d:10,192.168.0.23,35.186.224.25,UDP,57635,443,
2023-08-23 14:42:27,94:65:9c:e5:7e:eb,dc:0e:96:bd:7d:10,192.168.0.23,35.186.224.25,UDP,53493,443,
2023-08-23 14:42:27,dc:0e:96:bd:7d:10,94:65:9c:e5:7e:eb,35.186.224.25,192.168.0.23,UDP,443,53493,
2023-08-23 14:42:27,dc:0e:96:bd:7d:10,94:65:9c:e5:7e:eb,35.186.224.25,192.168.0.23,UDP,443,57635,
2023-08-23 14:42:27,94:65:9c:e5:7e:eb,dc:0e:96:bd:7d:10,192.168.0.23,35.186.224.25,UDP,53493,443,
2023-08-23 14:42:27,dc:0e:96:bd:7d:10,94:65:9c:e5:7e:eb,35.186.224.25,192.168.0.23,UDP,443,53493,
2023-08-23 14:42:27,94:65:9c:e5:7e:eb,dc:0e:96:bd:7d:10,192.168.0.23,35.186.224.25,UDP,53493,443,
2023-08-23 14:42:27,dc:0e:96:bd:7d:10,94:65:9c:e5:7e:eb,35.186.224.25,192.168.0.23,UDP,443,53493,
2023-08-23 14:42:27,94:65:9c:e5:7e:eb,dc:0e:96:bd:7d:10,192.168.0.23,35.186.224.25,UDP,53493,443,
2023-08-23 14:42:27,dc:0e:96:bd:7d:10,94:65:9c:e5:7e:eb,35.186.224.25,192.168.0.23,UDP,443,53493,
2023-08-23 14:42:28,94:65:9c:e5:7e:eb,dc:0e:96:bd:7d:10,192.168.0.23,204.79.197.239,TCP,65284,443,A
2023-08-23 14:42:28,dc:0e:96:bd:7d:10,94:65:9c:e5:7e:eb,204.79.197.239,192.168.0.23,TCP,443,65284,A
2023-08-23 14:42:29,00:18:ae:ec:8b:aa,01:00:5e:7f:ff:fa,192.168.0.10,239.255.255.250,UDP,34455,3702,
2023-08-23 14:42:30,e8:5a:8b:65:48:c7,01:00:5e:00:00:fb,192.168.0.142,224.0.0.251,UDP,5353,5353,
2023-08-23 14:42:30,b0:a4:60:66:bb:33,01:00:5e:7f:ff:fa,192.168.0.246,239.255.255.250,UDP,55600,1900,
2023-08-23 14:42:31,94:65:9c:e5:7e:eb,dc:0e:96:bd:7d:10,192.168.0.23,204.79.197.239,TCP,65285,443,A
2023-08-23 14:42:31,dc:0e:96:bd:7d:10,94:65:9c:e5:7e:eb,204.79.197.239,192.168.0.23,TCP,443,65285,A
2023-08-23 14:42:31,94:65:9c:e5:7e:eb,dc:0e:96:bd:7d:10,192.168.0.23,8.8.8.8,UDP,51023,443,
2023-08-23 14:42:31,94:65:9c:e5:7e:eb,dc:0e:96:bd:7d:10,192.168.0.23,8.8.8.8,UDP,51023,443,
2023-08-23 14:42:31,dc:0e:96:bd:7d:10,94:65:9c:e5:7e:eb,8.8.8.8,192.168.0.23,UDP,443,51023,
2023-08-23 14:42:31,dc:0e:96:bd:7d:10,94:65:9c:e5:7e:eb,8.8.8.8,192.168.0.23,UDP,443,51023,
2023-08-23 14:42:31,dc:0e:96:bd:7d:10,94:65:9c:e5:7e:eb,8.8.8.8,192.168.0.23,UDP,443,51023,
2023-08-23 14:42:31,94:65:9c:e5:7e:eb,dc:0e:96:bd:7d:10,192.168.0.23,8.8.8.8,UDP,51023,443,
2023-08-23 14:42:31,dc:0e:96:bd:7d:10,94:65:9c:e5:7e:eb,8.8.8.8,192.168.0.23,UDP,443,51023,
2023-08-23 14:42:31,dc:0e:96:bd:7d:10,94:65:9c:e5:7e:eb,8.8.8.8,192.168.0.23,UDP,443,51023,
2023-08-23 14:42:31,94:65:9c:e5:7e:eb,dc:0e:96:bd:7d:10,192.168.0.23,8.8.8.8,UDP,51023,443,
2023-08-23 14:42:31,dc:0e:96:bd:7d:10,94:65:9c:e5:7e:eb,8.8.8.8,192.168.0.23,UDP,443,51023,
2023-08-23 14:42:31,dc:0e:96:bd:7d:10,94:65:9c:e5:7e:eb,8.8.8.8,192.168.0.23,UDP,443,51023,
2023-08-23 14:42:31,94:65:9c:e5:7e:eb,dc:0e:96:bd:7d:10,192.168.0.23,8.8.8.8,UDP,51023,443,
2023-08-23 14:42:31,94:65:9c:e5:7e:eb,dc:0e:96:bd:7d:10,192.168.0.23,35.186.224.13,UDP,54648,443,
2023-08-23 14:42:31,dc:0e:96:bd:7d:10,94:65:9c:e5:7e:eb,8.8.8.8,192.168.0.23,UDP,443,51023,
2023-08-23 14:42:31,94:65:9c:e5:7e:eb,dc:0e:96:bd:7d:10,192.168.0.23,8.8.8.8,UDP,51023,443,
2023-08-23 14:42:31,dc:0e:96:bd:7d:10,94:65:9c:e5:7e:eb,35.186.224.13,192.168.0.23,UDP,443,54648,
2023-08-23 14:42:31,94:65:9c:e5:7e:eb,dc:0e:96:bd:7d:10,192.168.0.23,35.186.224.13,TCP,65297,443,S
2023-08-23 14:42:31,dc:0e:96:bd:7d:10,94:65:9c:e5:7e:eb,35.186.224.13,192.168.0.23,TCP,443,65297,SA
2023-08-23 14:42:31,94:65:9c:e5:7e:eb,dc:0e:96:bd:7d:10,192.168.0.23,35.186.224.13,TCP,65297,443,A
2023-08-23 14:42:31,94:65:9c:e5:7e:eb,dc:0e:96:bd:7d:10,192.168.0.23,35.186.224.13,TCP,65297,443,PA
2023-08-23 14:42:31,dc:0e:96:bd:7d:10,94:65:9c:e5:7e:eb,35.186.224.13,192.168.0.23,UDP,443,54648,
2023-08-23 14:42:31,94:65:9c:e5:7e:eb,dc:0e:96:bd:7d:10,192.168.0.23,35.186.224.13,UDP,54648,443,
2023-08-23 14:42:31,94:65:9c:e5:7e:eb,dc:0e:96:bd:7d:10,192.168.0.23,35.186.224.13,UDP,54648,443,
2023-08-23 14:42:31,94:65:9c:e5:7e:eb,dc:0e:96:bd:7d:10,192.168.0.23,35.186.224.13,UDP,54648,443,
2023-08-23 14:42:31,94:65:9c:e5:7e:eb,dc:0e:96:bd:7d:10,192.168.0.23,35.186.224.13,UDP,54648,443,
2023-08-23 14:42:31,dc:0e:96:bd:7d:10,94:65:9c:e5:7e:eb,35.186.224.13,192.168.0.23,TCP,443,65297,A
2023-08-23 14:42:31,dc:0e:96:bd:7d:10,94:65:9c:e5:7e:eb,35.186.224.13,192.168.0.23,UDP,443,54648,
2023-08-23 14:42:31,dc:0e:96:bd:7d:10,94:65:9c:e5:7e:eb,35.186.224.13,192.168.0.23,UDP,443,54648,
2023-08-23 14:42:31,94:65:9c:e5:7e:eb,dc:0e:96:bd:7d:10,192.168.0.23,35.186.224.13,UDP,54648,443,
2023-08-23 14:42:31,dc:0e:96:bd:7d:10,94:65:9c:e5:7e:eb,35.186.224.13,192.168.0.23,UDP,443,54648,
2023-08-23 14:42:31,dc:0e:96:bd:7d:10,94:65:9c:e5:7e:eb,35.186.224.13,192.168.0.23,UDP,443,54648,
2023-08-23 14:42:31,94:65:9c:e5:7e:eb,dc:0e:96:bd:7d:10,192.168.0.23,35.186.224.13,UDP,54648,443,
2023-08-23 14:42:31,dc:0e:96:bd:7d:10,94:65:9c:e5:7e:eb,35.186.224.13,192.168.0.23,UDP,443,54648,
2023-08-23 14:42:31,94:65:9c:e5:7e:eb,dc:0e:96:bd:7d:10,192.168.0.23,23.58.93.83,TCP,65286,443,A
2023-08-23 14:42:31,dc:0e:96:bd:7d:10,94:65:9c:e5:7e:eb,23.58.93.83,192.168.0.23,TCP,443,65286,A
2023-08-23 14:42:31,dc:0e:96:bd:7d:10,94:65:9c:e5:7e:eb,35.186.224.13,192.168.0.23,TCP,443,65297,PA
2023-08-23 14:42:31,94:65:9c:e5:7e:eb,dc:0e:96:bd:7d:10,192.168.0.23,35.186.224.13,TCP,65297,443,PA
2023-08-23 14:42:31,dc:0e:96:bd:7d:10,94:65:9c:e5:7e:eb,35.186.224.13,192.168.0.23,TCP,443,65297,A
2023-08-23 14:42:31,dc:0e:96:bd:7d:10,94:65:9c:e5:7e:eb,35.186.224.13,192.168.0.23,TCP,443,65297,PA
2023-08-23 14:42:31,94:65:9c:e5:7e:eb,dc:0e:96:bd:7d:10,192.168.0.23,35.186.224.13,TCP,65297,443,A
2023-08-23 14:42:31,dc:0e:96:bd:7d:10,94:65:9c:e5:7e:eb,35.186.224.13,192.168.0.23,UDP,443,54648,
2023-08-23 14:42:31,94:65:9c:e5:7e:eb,dc:0e:96:bd:7d:10,192.168.0.23,35.186.224.13,UDP,54648,443,
2023-08-23 14:42:31,dc:0e:96:bd:7d:10,94:65:9c:e5:7e:eb,35.186.224.13,192.168.0.23,UDP,443,54648,
2023-08-23 14:42:31,dc:0e:96:bd:7d:10,94:65:9c:e5:7e:eb,35.186.224.13,192.168.0.23,UDP,443,54648,
2023-08-23 14:42:31,94:65:9c:e5:7e:eb,dc:0e:96:bd:7d:10,192.168.0.23,35.186.224.13,UDP,54648,443,
2023-08-23 14:42:31,dc:0e:96:bd:7d:10,94:65:9c:e5:7e:eb,35.186.224.13,192.168.0.23,UDP,443,54648,
2023-08-23 14:42:31,b0:a4:60:66:bb:33,01:00:5e:7f:ff:fa,192.168.0.246,239.255.255.250,UDP,55600,1900,
